id,url,source_id,country,title,page_url,doc_types,mw_values,mw_bucket,relevance,local_path,size_bytes,fetched_at
14,https://ytietopalvelu.lvv.fi/api/v1/documents/attachment/1400224,fi_ylupa,FI,"Päätös 212/2014/1, www-versio — Päätös ympäristönsuojelulain mukaisesta hakemuksesta, joka koskee Vatajankosken Sähkö Oy:n Kirkkokallion biokaasumoottor",https://ytietopalvelu.lvv.fi/fi-FI/asia/851118,permit,"3.5,3,50,50,50,15,5,5,50,50,50",<=50 MW,1,/home/user/lennuk/data/FI/fi_ylupa/851118_1400224_P_t_s_212_2014_1_www-versio.pdf,277217,2026-09-07 19:45:10
17,https://ytietopalvelu.lvv.fi/api/v1/documents/attachment/1973487,fi_ylupa,FI,"Päätös 236/2015/1, www-versio — Helen Oy:n hakemus Kellosaaren kaasuturbiinilaitoksen ympäristölupapäätöksen lupamääräysten tarkistamiseksi, Helsinki",https://ytietopalvelu.lvv.fi/fi-FI/asia/852711,permit,"215,60,55",>200 MW,1,/home/user/lennuk/data/FI/fi_ylupa/852711_1973487_P_t_s_236_2015_1_www-versio.pdf,400902,2026-09-07 19:45:16
18,https://ytietopalvelu.lvv.fi/api/v1/documents/attachment/12411129,fi_ylupa,FI,Päätös 99/2022 — Ympäristölupahakemus Nokian voimalaitoksen kaasuturbiinin ja lämmöntalteenottokattilan K5 toiminnan muuttamiseksi sekä t,https://ytietopalvelu.lvv.fi/fi-FI/asia/2027536,permit,"77,71,180,22,71,49,20,126,49,49,49,71,40,50,180,40,132,50,132,15,57,94,49,71,49,32,22,49,49,49,49,49,50,150",<=200 MW,1,/home/user/lennuk/data/FI/fi_ylupa/2027536_12411129_P_t_s_99_2022.pdf,1606613,2026-09-07 19:45:21
19,https://ytietopalvelu.lvv.fi/api/v1/documents/attachment/13212799,fi_ylupa,FI,"Päätös 296/2022-www — Porvoon jalostamon ympäristöluvan muuttaminen kaasuturbiinin KTVL2 osalta ja toiminnan aloittamislupa, Porvoo",https://ytietopalvelu.lvv.fi/fi-FI/asia/2128378,permit,"132,41.9,91,50,10,10,10,10,42,10,10,132,42,50",<=200 MW,1,/home/user/lennuk/data/FI/fi_ylupa/2128378_13212799_P_t_s_296_2022-www.pdf,413784,2026-09-07 19:45:26
20,https://ytietopalvelu.lvv.fi/api/v1/documents/attachment/21187696,fi_ylupa,FI,Päätös nro 157/2024 — Tornion voimalaitoksen toiminnan olennainen muuttaminen kaasumoottorivoimalaitoksen osalta sekä toiminnan aloittaminen m,https://ytietopalvelu.lvv.fi/fi-FI/asia/2857643,permit,"98.4,43.1,50.4,24,98.4,43.1,98.4",<=100 MW,1,/home/user/lennuk/data/FI/fi_ylupa/2857643_21187696_P_t_s_nro_157_2024.pdf,4672133,2026-09-07 19:45:32
22,https://ytietopalvelu.lvv.fi/api/v1/documents/attachment/22178024,fi_ylupa,FI,"Päätös 126 2025 www.pdf — Mertaniemen kaasumoottorivoimalan ympäristölupa ja toiminnan aloittamislupa, Lappeenranta",https://ytietopalvelu.lvv.fi/fi-FI/asia/2996425,permit,"40,42.5,140,300,43.1,98.4,43.1,98.4,147,16,16,147,147,98.4",>200 MW,1,/home/user/lennuk/data/FI/fi_ylupa/2996425_22178024_P_t_s_126_2025_www.pdf.pdf,878084,2026-09-07 19:45:38
27,https://www.ymparisto.fi/sites/default/files/documents/vir_kaukaanvoimala_ls_ohjelmasta.doc,fi_yva,FI,lausunto arviointiohjelmasta,https://www.ymparisto.fi/fi/osallistu-ja-vaikuta/ymparistovaikutusten-arviointi/upm-kymmene-oyjn-kaukaan-voimalaitoshanke-lappeenranta,description,"430,430",>200 MW,0,data/FI/fi_yva/0001_vir_kaukaanvoimala_ls_ohjelmasta.doc,51200,2026-09-07 19:47:01
28,https://www.ymparisto.fi/sites/default/files/documents/upm11042000.doc,fi_yva,FI,lausunto arviointiselostuksesta,https://www.ymparisto.fi/fi/osallistu-ja-vaikuta/ymparistovaikutusten-arviointi/upm-kymmene-oyjn-kaukaan-voimalaitoshanke-lappeenranta,description,"430,430",>200 MW,0,data/FI/fi_yva/0002_upm11042000.doc,601645,2026-09-07 19:47:03
29,https://www.ymparisto.fi/sites/default/files/documents/kaasuvoimala_ls_ohjelmasta.doc,fi_yva,FI,lausunto arviointiohjelmasta,https://www.ymparisto.fi/fi/osallistu-ja-vaikuta/ymparistovaikutusten-arviointi/vattenfall-abn-kaasuvoimalaitoshanke-imatra,description,"900,410",>200 MW,0,data/FI/fi_yva/0003_kaasuvoimala_ls_ohjelmasta.doc,53248,2026-09-07 19:47:11
30,https://www.ymparisto.fi/sites/default/files/documents/kaasuvoimala_ls_selostuksesta.doc,fi_yva,FI,lausunto arviointiselostuksesta,https://www.ymparisto.fi/fi/osallistu-ja-vaikuta/ymparistovaikutusten-arviointi/vattenfall-abn-kaasuvoimalaitoshanke-imatra,,"900,410",>200 MW,0,data/FI/fi_yva/0004_kaasuvoimala_ls_selostuksesta.doc,83456,2026-09-07 19:47:13
25,https://www.eva.gov.lv/lv/media/5670/download?attachment,lv_vpvb,LV,"Jelgavas valstspilsētas pašvaldības domes 2023. gada 28. septembra Lēmums Nr. 10/2 ""Paredzētās darbības “Kurināmā diversifikācija esošajā biomasas koģenerācijas stacijāJelgavā” akceptēšana""",https://www.eva.gov.lv/lv/ietekmes-uz-vidi-novertejumu-projekti/kurinama-diversifikacija-esosaja-biomasas-kogeneracijas-stacija-jelgava-gren-latvija-sia,permit,,,1,data/LV/lv_vpvb/0019_download,490723,2026-09-07 19:46:06
26,https://www.eva.gov.lv/lv/media/5388/download?attachment,lv_vpvb,LV,Atzinums Nr. 5-04/6/2023 par SIA “Gren Latvija” kurināmā diversifikācijas esošajā biomasas koģenerācijas stacijā Jelgavā ietekmes uz vidi novērtējuma ziņojumu.,https://www.eva.gov.lv/lv/ietekmes-uz-vidi-novertejumu-projekti/kurinama-diversifikacija-esosaja-biomasas-kogeneracijas-stacija-jelgava-gren-latvija-sia,description,,,1,data/LV/lv_vpvb/0020_download,508104,2026-09-07 19:46:08
1,https://www.eva.gov.lv/lv/media/2655/download?attachment,lv_vpvb,LV,Atzinums par noslēguma ziņojumu,https://www.eva.gov.lv/lv/search?q=termoelektrostacija,,,,0,data/LV/lv_vpvb/0001_download,460734,2026-09-07 19:44:44
2,https://www.eva.gov.lv/lv/media/2694/download?attachment,lv_vpvb,LV,Atzinums par noslēguma ziņojumu,https://www.eva.gov.lv/lv/search?q=termoelektrostacija,,,,0,data/LV/lv_vpvb/0002_download,480565,2026-09-07 19:44:46
3,https://www.eva.gov.lv/lv/media/2751/download?attachment,lv_vpvb,LV,Atzinums par noslēguma ziņojumu,https://www.eva.gov.lv/lv/search?q=termoelektrostacija,,,,0,data/LV/lv_vpvb/0003_download,182366,2026-09-07 19:44:48
4,https://www.eva.gov.lv/lv/media/2632/download?attachment,lv_vpvb,LV,Atzinums par noslēguma ziņojumu,https://www.eva.gov.lv/lv/search?q=termoelektrostacija,,,,0,data/LV/lv_vpvb/0004_download,334521,2026-09-07 19:44:50
5,https://www.eva.gov.lv/lv/media/5643/download?attachment,lv_vpvb,LV,Rekomendācijas ietekmes uz vidi novērtējuma procesa optimizācijai Latvijā,https://www.eva.gov.lv/lv/search?q=termoelektrostacija,description,,,0,data/LV/lv_vpvb/0005_download,1639017,2026-09-07 19:44:53
6,https://www.eva.gov.lv/lv/media/4084/download?attachment,lv_vpvb,LV,Lēmums,https://www.eva.gov.lv/lv/search?q=termoelektrostacija,permit,,,0,data/LV/lv_vpvb/0006_download,245074,2026-09-07 19:44:54
7,https://www.eva.gov.lv/lv/media/448/download?attachment,lv_vpvb,LV,Publiskais pārskats 2002,https://www.eva.gov.lv/lv/search?q=termoelektrostacija,,,,0,data/LV/lv_vpvb/0007_download,1376889,2026-09-07 19:44:57
8,https://www.eva.gov.lv/lv/media/2699/download?attachment,lv_vpvb,LV,Atzinums par noslēguma ziņojumu,https://www.eva.gov.lv/lv/search?q=termoelektrostacija,,,,0,data/LV/lv_vpvb/0008_download,525642,2026-09-07 19:44:58
9,https://www.eva.gov.lv/lv/media/7068/download?attachment,lv_vpvb,LV,Salaspils novada teritorijas plānojuma monitoringa ziņojums (2013. - 2023. gads),https://www.eva.gov.lv/lv/search?q=termoelektrostacija,,,,0,data/LV/lv_vpvb/0009_download,2916352,2026-09-07 19:45:03
10,https://www.eva.gov.lv/lv/media/3024/download?attachment,lv_vpvb,LV,Ziņojuma kopsavilkums latviešu valodā,https://www.eva.gov.lv/lv/search?q=termoelektrostacija,,,,0,data/LV/lv_vpvb/0010_download,262048,2026-09-07 19:45:04
11,https://www.eva.gov.lv/lv/media/1515/download?attachment,lv_vpvb,LV,Paziņojums par sabiedrības informēšanu par Baltijas atomelektrostacijas būvniecības Kaļiņingradā ietekmes uz vidi novērtējuma ziņojumu,https://www.eva.gov.lv/lv/search?q=termoelektrostacija,description,,,0,data/LV/lv_vpvb/0011_download,262048,2026-09-07 19:45:06
12,https://www.eva.gov.lv/lv/media/2316/download?attachment,lv_vpvb,LV,Atzinums.doc,https://www.eva.gov.lv/lv/search?q=termoelektrostacija,,,,0,data/LV/lv_vpvb/0012_download,267776,2026-09-07 19:45:08
13,https://www.eva.gov.lv/lv/media/2732/download?attachment,lv_vpvb,LV,Atzinums par noslēguma ziņojumu,https://www.eva.gov.lv/lv/search?q=termoelektrostacija,,,,0,data/LV/lv_vpvb/0013_download,229365,2026-09-07 19:45:09
15,https://www.eva.gov.lv/lv/media/2687/download?attachment,lv_vpvb,LV,Atzinums par noslēguma ziņojumu,https://www.eva.gov.lv/lv/search?q=termoelektrostacija,,,,0,data/LV/lv_vpvb/0014_download,1032893,2026-09-07 19:45:12
16,https://www.eva.gov.lv/lv/media/447/download?attachment,lv_vpvb,LV,Publiskais pārskats 2003,https://www.eva.gov.lv/lv/search?q=termoelektrostacija,,,,0,data/LV/lv_vpvb/0015_download,1770609,2026-09-07 19:45:15
21,https://www.eva.gov.lv/lv/media/2368/download?attachment,lv_vpvb,LV,SIA “Carbon energy systems” 2014.gada 27.februāra vēstule Nr.PB02/1.,https://www.eva.gov.lv/lv/ietekmes-uz-vidi-novertejumu-projekti/kokoglu-razotnes-un-kogeneracijas-stacijas-buvnieciba-aluksnes-pilsetas-teritorija,,,,0,data/LV/lv_vpvb/0016_download,21584,2026-09-07 19:45:33
23,https://www.eva.gov.lv/lv/media/2804/download?attachment,lv_vpvb,LV,Atzinums par noslēguma ziņojumu,https://www.eva.gov.lv/lv/ietekmes-uz-vidi-novertejumu-projekti/bistamo-atkritumu-lidzsadedzinasanai-kogeneracijas-stacija-saldus-novada-novadnieku-pagasta,,,,0,data/LV/lv_vpvb/0017_download,1379889,2026-09-07 19:46:01
24,https://www.eva.gov.lv/lv/media/2805/download?attachment,lv_vpvb,LV,Pašvaldības akcepta lēmums,https://www.eva.gov.lv/lv/ietekmes-uz-vidi-novertejumu-projekti/bistamo-atkritumu-lidzsadedzinasanai-kogeneracijas-stacija-saldus-novada-novadnieku-pagasta,permit,,,0,data/LV/lv_vpvb/0018_download,789427,2026-09-07 19:46:02
78,https://wykaz.ekoportal.pl/dokument/850075,pl_ekoportal,PL,Pozwolenie zintegrowane na prowadzenie instalacji energetycznego spalania paliw obejmującej kogeneracyjny blok gazowo-parowy w Elektrowni Pomorzany przy ul. Szczawiowej 25/26 w Szc [Urząd Marszałkowski Województwa Zachodniopomorskiego],https://wykaz.ekoportal.pl/CardList.seam,permit,,,1,,,2026-09-07 19:49:25
137,https://wykaz.ekoportal.pl/dokument/455917268,pl_ekoportal,PL,Wniosek o udzielenie zezwolenia na emisję gazów cieplarnianych z instalacji – Blok Gazowo-Parowy zlokalizowany w Głogowie przy ul. Żukowickiej 1. [Urząd Marszałkowski Województwa Dolnośląskiego],https://wykaz.ekoportal.pl/CardList.seam,,,,1,,,2026-09-07 19:49:25
138,https://wykaz.ekoportal.pl/dokument/455917272,pl_ekoportal,PL,Zezwolenie na emisję gazów cieplarnianych z instalacji - Blok Gazowo-Parowy zlokalizowany w Głogowie przy ul. Żukowickiej 1. [Urząd Marszałkowski Województwa Dolnośląskiego],https://wykaz.ekoportal.pl/CardList.seam,,,,1,,,2026-09-07 19:49:25
153,https://wykaz.ekoportal.pl/dokument/456088379,pl_ekoportal,PL,Wniosek o zmianę zezwolenia na emisję gazów cieplarnianych z instalacji – Blok Gazowo-Parowy zlokalizowany w Głogowie przy ul. Żukowickiej 1. [Urząd Marszałkowski Województwa Dolnośląskiego],https://wykaz.ekoportal.pl/CardList.seam,,,,1,,,2026-09-07 19:49:25
154,https://wykaz.ekoportal.pl/dokument/456103401,pl_ekoportal,PL,Zmiana zezwolenia na emisję gazów cieplarnianych z instalacji - Blok Gazowo-Parowy zlokalizowany w Głogowie przy ul. Żukowickiej 1. [Urząd Marszałkowski Województwa Dolnośląskiego],https://wykaz.ekoportal.pl/CardList.seam,,,,1,,,2026-09-07 19:49:25
160,https://wykaz.ekoportal.pl/dokument/456169606,pl_ekoportal,PL,"Wniosek w sprawie wydania decyzji o środowiskowych uwarunkowaniach przedsięwzięcia pn.: Budowa w systemie ""pod klucz"" nowego źródła energii elektrycznej i ciepła w oparciu o blok g [Urząd Miasta w Trzebini]",https://wykaz.ekoportal.pl/CardList.seam,,,,1,,,2026-09-07 19:49:25
161,https://wykaz.ekoportal.pl/dokument/456169607,pl_ekoportal,PL,"Postanowienie w sprawie potrzeby przeprowadzenia oceny oddziaływania przedsięwzięcia na środowisko pn.: Budowa w systemie ""pod klucz"" nowego źrodła energii elektrycznej i ciepła w  [Urząd Miasta w Trzebini]",https://wykaz.ekoportal.pl/CardList.seam,,,,1,,,2026-09-07 19:49:25
162,https://wykaz.ekoportal.pl/dokument/456171678,pl_ekoportal,PL,"Raport o oddziaływaniu przedsięwzięcia na środowisko pn.: Budowa w systemie „pod klucz” nowego źródła energii elektrycznej i ciepła w oparciu o blok gazowo-parowy, turbinę parową i [Urząd Miasta w Trzebini]",https://wykaz.ekoportal.pl/CardList.seam,,,,1,,,2026-09-07 19:49:25
171,https://wykaz.ekoportal.pl/dokument/459421815,pl_ekoportal,PL,Wniosek o udzielenie zezwolenia na emisję gazów cieplarnianych z instalacji - Blok Gazowo-Parowy zlokalizowany na terenie KGHM Polska Miedź S.A. Oddział Huta Miedzi „Głogów” ul. Żu [Urząd Marszałkowski Województwa Dolnośląskiego],https://wykaz.ekoportal.pl/CardList.seam,,,,1,,,2026-09-07 19:49:25
172,https://wykaz.ekoportal.pl/dokument/459421989,pl_ekoportal,PL,"Zezwolenie na emisję gazów cieplarnianych z instalacji - Blok Gazowo-Parowy zlokalizowany na terenie KGHM Polska Miedź S.A. Oddział Huta Miedzi „Głogów” ul. Żukowicka 1, 67-200 Gło [Urząd Marszałkowski Województwa Dolnośląskiego]",https://wykaz.ekoportal.pl/CardList.seam,,,,1,,,2026-09-07 19:49:25
188,https://wykaz.ekoportal.pl/dokument/464019498,pl_ekoportal,PL,"Wniosek o zatwierdzenie planu metodyki monitorowania dla instalacji pn. Blok Gazowo-Parowy w Głogowie, zlokalizowanej przy ul. Żukowickiej 1 w Głogowie. [Urząd Marszałkowski Województwa Dolnośląskiego]",https://wykaz.ekoportal.pl/CardList.seam,,,,1,,,2026-09-07 19:49:25
199,https://wykaz.ekoportal.pl/dokument/464174815,pl_ekoportal,PL,"Decyzja zatwierdzajaca plan metodyki monitorowania dla instalacji pn. Blok Gazowo-Parowy w Głogowie, zlokalizowanej przy ul. Żukowickiej 1 w Głogowie. [Urząd Marszałkowski Województwa Dolnośląskiego]",https://wykaz.ekoportal.pl/CardList.seam,permit,,,1,,,2026-09-07 19:49:25
223,https://wykaz.ekoportal.pl/dokument/465163933,pl_ekoportal,PL,Wniosek w sprawie udzielenia pozwolenia zintegrowanego na prowadzenie instalacji energetycznego spalania paliw obejmującej dwa bloki gazowo – parowe (CCGT) klasy 700 MW każdy zloka [Urząd Marszałkowski Województwa Zachodniopomorskiego],https://wykaz.ekoportal.pl/CardList.seam,,700,>200 MW,1,,,2026-09-07 19:49:25
39,https://wykaz.ekoportal.pl/dokument/58981,pl_ekoportal,PL,umorzenie postępowania w spr. wydania decyzji o środowiskowych uwarunkowaniach zgody na realizację przedsięwzięcia polegającego na budowie elektrociepłowni gazowej [Urząd Miasta Mysłowice],https://wykaz.ekoportal.pl/CardList.seam,,,,0,,,2026-09-07 19:49:25
40,https://wykaz.ekoportal.pl/dokument/59247,pl_ekoportal,PL,wniosek o wydanie decyzji o środowiskowych uwarunkowaniach zgody na realizację przedsięwzięcia polegającego na budowie elektrociepłowni gazowej na gaz z odmetanowania [Urząd Miasta Mysłowice],https://wykaz.ekoportal.pl/CardList.seam,,,,0,,,2026-09-07 19:49:25
41,https://wykaz.ekoportal.pl/dokument/147958,pl_ekoportal,PL,"zmiana pozwolenia na wprowadzanie gazów i pyłów do powietrza RO.7644/P-44/06/07 z 20 marca 2007r.  w zakresie zmiany wysokości emitora, zwiększenia czasu pracy silników gazowych i  [Starostwo Powiatowe w Pszczynie]",https://wykaz.ekoportal.pl/CardList.seam,,,,0,,,2026-09-07 19:49:25
42,https://wykaz.ekoportal.pl/dokument/147976,pl_ekoportal,PL,"pozwalnaie na wprowadzanie gazów i pyłów do powietrza dla silników gazowych w Elektrociepłowni ""Pniówek"" [Starostwo Powiatowe w Pszczynie]",https://wykaz.ekoportal.pl/CardList.seam,,,,0,,,2026-09-07 19:49:25
43,https://wykaz.ekoportal.pl/dokument/308137,pl_ekoportal,PL,"przebudowa i rozbudowa Cieplowni Kawęczyn, w tym budowa bloku gazowo-parowego 400MWe przy ul. Chełmżynskiej 180 [Urząd Miasta Stołecznego Warszawy]",https://wykaz.ekoportal.pl/CardList.seam,,400,>200 MW,0,,,2026-09-07 19:49:25
44,https://wykaz.ekoportal.pl/dokument/315404,pl_ekoportal,PL,"Zmiana pozwolenia zintegrowanego dla PGE ELektrociepłowni Lublin-Wrotków sp. z o.o. na eksploatację instalacji do spalania paliw w przemyśle energetycznym, składającej się z kotłów [Urząd Marszałkowski Województwa Lubelskiego]",https://wykaz.ekoportal.pl/CardList.seam,,,,0,,,2026-09-07 19:49:25
45,https://wykaz.ekoportal.pl/dokument/349741,pl_ekoportal,PL,"postanowienie dotyczące raportu o o oddziaływaniu na środowisko przedsięwzięcia polegającego na  przebudowie i rozbudowie EC Żerań, w tym bloku gazowo-parowego 400 MWe wraz         [Regionalna Dyrekcja Ochrony Środowiska w Warszawie]",https://wykaz.ekoportal.pl/CardList.seam,,400,>200 MW,0,,,2026-09-07 19:49:25
46,https://wykaz.ekoportal.pl/dokument/388137,pl_ekoportal,PL,"przebudowa i rozbudowa Ciepłowni Kawęczyn, budowa bloku gazowo-parowego 400 MWe przy ul. Chełmżyńskiej 180 [Urząd Miasta Stołecznego Warszawy]",https://wykaz.ekoportal.pl/CardList.seam,,400,>200 MW,0,,,2026-09-07 19:49:25
47,https://wykaz.ekoportal.pl/dokument/420996,pl_ekoportal,PL,"Wniosek o wydanie decyzji o środowiskowych uwarunkowaniach dla przedsięwzięcia polegającego na nadbudowie Ciepłowni Zachód w Białymstoku, przy ul.Starosielce 2/1 zespołem silników  [Urząd Miejski w Białymstoku]",https://wykaz.ekoportal.pl/CardList.seam,,,,0,,,2026-09-07 19:49:25
48,https://wykaz.ekoportal.pl/dokument/502682,pl_ekoportal,PL,"Wniosek o wydanie decyzji o środowiskowych uwarunkowaniach dla przedsięwzięcia polegającego na budowie elektrociepłowni gazowej ""Milicz"" o mocy elektrycznej P=10 MW wraz z infrastr [Urząd Miejski w Miliczu]",https://wykaz.ekoportal.pl/CardList.seam,,10,<=20 MW,0,,,2026-09-07 19:49:25
49,https://wykaz.ekoportal.pl/dokument/561439,pl_ekoportal,PL,Raport o oddziaływaniu na środowisko przedsiewziecia pod nazwą Budowa bloku gazowo-parowego o mocy 50 MWe na terenie KGHM Polska Miedź S.A. w Polkowicach [Urząd Gminy Polkowice],https://wykaz.ekoportal.pl/CardList.seam,,50,<=50 MW,0,,,2026-09-07 19:49:25
50,https://wykaz.ekoportal.pl/dokument/561454,pl_ekoportal,PL,DEcyzja o srodowskowych uwarunkowaniach zgody na realizację przedsięwzięcia pn. Budowa bloku gazowo-parowego przez KGHM Polska Miedź SA w Polkowicach [Urząd Gminy Polkowice],https://wykaz.ekoportal.pl/CardList.seam,permit,,,0,,,2026-09-07 19:49:25
51,https://wykaz.ekoportal.pl/dokument/561461,pl_ekoportal,PL,Wniosek o wydanie decyzji o srodowiskowych uwarunkowaniach zgody na realizacje przedsięwzięcia pn. Budowa bloku gazowo-parowegoprzez KGHM Polska Miedź SA w Polkowicach o mocy maksy [Urząd Gminy Polkowice],https://wykaz.ekoportal.pl/CardList.seam,,50,<=50 MW,0,,,2026-09-07 19:49:25
52,https://wykaz.ekoportal.pl/dokument/579507,pl_ekoportal,PL,"""Budowa bloku gazowo-parowego o mocy 400 MW na terenie Elektrowni Stalowa Wola"" - uzgodnienie warunków realizacji przedsięwzięcia. [Regionalna Dyrekcja Ochrony Środowiska w Rzeszowie]",https://wykaz.ekoportal.pl/CardList.seam,,400,>200 MW,0,,,2026-09-07 19:49:25
53,https://wykaz.ekoportal.pl/dokument/581045,pl_ekoportal,PL,wniosek o wydanie decyzji o środowiskowych uwarunkowaniach dla przedsięwzięcia polegającego na budowie układu kogeneracji w oparciu o silniki gazowe współpracującego z istniejącą k [Urząd Miasta i Gminy we Wrześni],https://wykaz.ekoportal.pl/CardList.seam,,,,0,,,2026-09-07 19:49:25
54,https://wykaz.ekoportal.pl/dokument/595261,pl_ekoportal,PL,postanowienie uzgadniające realizację przedsięwzięcia - budowa gazowo-parowego bloku na terenie Elektrowni Pomorzany w Szczecinie [Regionalna Dyrekcja Ochrony Środowiska w Szczecinie],https://wykaz.ekoportal.pl/CardList.seam,,,,0,,,2026-09-07 19:49:25
55,https://wykaz.ekoportal.pl/dokument/644582,pl_ekoportal,PL,umorzenie postępowania w sprawie wniosku o wydanie decyzji o środowiskowych uwarunkowaniach dla przedsięwzięcia polegającego na budowie układu kogeneracji w oparciu o silniki gazow [Urząd Miejski w Śremie],https://wykaz.ekoportal.pl/CardList.seam,,,,0,,,2026-09-07 19:49:25
56,https://wykaz.ekoportal.pl/dokument/645260,pl_ekoportal,PL,budowa układu kogeneracji w oparciu o silniki gazowe w Śremie [Urząd Miejski w Śremie],https://wykaz.ekoportal.pl/CardList.seam,,,,0,,,2026-09-07 19:49:25
57,https://wykaz.ekoportal.pl/dokument/650583,pl_ekoportal,PL,Postanowienie o odstąpieniu od obowiązku przeprowadzenia oceny oddziaływania na środowisko dla przedsięwzięcia polegającego na budowie układu kogeneracji w oparciu o silniki gazowe [Urząd Miasta i Gminy we Wrześni],https://wykaz.ekoportal.pl/CardList.seam,,,,0,,,2026-09-07 19:49:25
58,https://wykaz.ekoportal.pl/dokument/650636,pl_ekoportal,PL,decyzja o środowiskowych uwarunkowaniach dla przedsięwzięcia polegającego na budowie układu kogeneracji w oparciu o silniki gazowe współpracującego z istniejącą kotłownią systemową [Urząd Miasta i Gminy we Wrześni],https://wykaz.ekoportal.pl/CardList.seam,permit,,,0,,,2026-09-07 19:49:25
59,https://wykaz.ekoportal.pl/dokument/656080,pl_ekoportal,PL,"postanowienie o obowiązku przeprowadzenia oceny oddziaływania na środowisko, w tym sporządzenia raportu o oddziaływaniu na środowisko dla przedsięwzięcia pn. "" Produkcja energii el [Urząd Gminy Kuryłówka]",https://wykaz.ekoportal.pl/CardList.seam,,,,0,,,2026-09-07 19:49:25
60,https://wykaz.ekoportal.pl/dokument/658805,pl_ekoportal,PL,"postanowienie o zawieszeniu postępowania do czasu przedłożenia raportu o oddziaływaniu na środowisko dla przedsięzięcia pn. ""Produkcja energii elektrycznej i cieplnej w skojarzeniu [Urząd Gminy Kuryłówka]",https://wykaz.ekoportal.pl/CardList.seam,,,,0,,,2026-09-07 19:49:25
61,https://wykaz.ekoportal.pl/dokument/681534,pl_ekoportal,PL,"Zmiana pozwolenia zintegrowanego udzielonego PGE Elektrociepłowni Lublin-Wrotków sp. z o.o. na eksploatację instalacji do spalania paliw w przemyśle energetycznym, składającej się  [Urząd Marszałkowski Województwa Lubelskiego]",https://wykaz.ekoportal.pl/CardList.seam,,,,0,,,2026-09-07 19:49:25
62,https://wykaz.ekoportal.pl/dokument/706971,pl_ekoportal,PL,"wprowadzanie ścieków zawierających substancje szczególnie szkodliwe dla środowiska wodnego, pochodzących z terenu Zakładu, tj. mieszaniny ścieków bytowych oraz ścieków technologicz [Urząd Marszałkowski Województwa Opolskiego]",https://wykaz.ekoportal.pl/CardList.seam,,,,0,,,2026-09-07 19:49:25
63,https://wykaz.ekoportal.pl/dokument/728658,pl_ekoportal,PL,"postanowienie wzywające do uzupełnienia raportu oddziaływania na środowisko dla przedsięziecia : "" Produkcja energii elektrycznej i cieplnej w skojarzeniu z biogazu powstałego po o [Urząd Gminy Kuryłówka]",https://wykaz.ekoportal.pl/CardList.seam,,,,0,,,2026-09-07 19:49:25
64,https://wykaz.ekoportal.pl/dokument/728668,pl_ekoportal,PL,"postanowienie wzywające do złożenia wyjaśnień do przedłożonego raportu i uzupełnienia do raportu oddziaływania na środowisko dla przdsięzięcia pn. "" Produkcja energii elektrycznej  [Urząd Gminy Kuryłówka]",https://wykaz.ekoportal.pl/CardList.seam,,,,0,,,2026-09-07 19:49:25
65,https://wykaz.ekoportal.pl/dokument/730530,pl_ekoportal,PL,zmiana pozwolenia Starosty Mikołowskiego z dnia 08.10.03r. znak: Ws-7644/1/8/03 wydanego dla Zakładu Produkcji Ciepła Żory Sp. z o.o. na wprowadzanie gazów i pyłow do pwietrza z ci [Starostwo Powiatowe w Mikołowie],https://wykaz.ekoportal.pl/CardList.seam,,,,0,,,2026-09-07 19:49:25
66,https://wykaz.ekoportal.pl/dokument/730543,pl_ekoportal,PL,zmiana pozwolenia Starosty Mikołowskiego z dnia 08.10.03r. znak: Ws-7644/1/8/03 wydanego dla Zakładu Produkcji Ciepła Żory Sp. z o.o. na wprowadzanie gazów i pyłow do pwietrza z ci [Starostwo Powiatowe w Mikołowie],https://wykaz.ekoportal.pl/CardList.seam,,,,0,,,2026-09-07 19:49:25
67,https://wykaz.ekoportal.pl/dokument/734591,pl_ekoportal,PL,Rozbudowa elektrociepłowni Piaskówka o moduł silnika gazowego do skojarzonego wytwarzania energi elektrycznej [Urząd Miasta Tarnowa],https://wykaz.ekoportal.pl/CardList.seam,,,,0,,,2026-09-07 19:49:25
68,https://wykaz.ekoportal.pl/dokument/734963,pl_ekoportal,PL,"postanowienie o podjęciu zawieszonego postępowania w sprawie wydania decyzji  o środowiskowych uwarunkowaniach dla przedsięwzięcia pn. ""Produkcja energii elektrycznej i cieplnej w  [Urząd Gminy Kuryłówka]",https://wykaz.ekoportal.pl/CardList.seam,,,,0,,,2026-09-07 19:49:25
69,https://wykaz.ekoportal.pl/dokument/735733,pl_ekoportal,PL,wydanie decyzji o środowiskowych uwarunkowaniach dla przedsięwzięcia polegającego na budowie elektrociepłowni gazowej zlokalizowanej na działce oznaczonej w ewidencji gruntów miast [Urząd Miasta Mińsk Mazowiecki],https://wykaz.ekoportal.pl/CardList.seam,,,,0,,,2026-09-07 19:49:25
70,https://wykaz.ekoportal.pl/dokument/743588,pl_ekoportal,PL,Raport o oddziaływaniu na środowisko projektowanej instalacji do produkcji energii elektrycznej i cieplnej w skojarzeniu z biogazu powstałego po obróbce odcieku wywarowego z zakład [Urząd Gminy Kuryłówka],https://wykaz.ekoportal.pl/CardList.seam,,,,0,,,2026-09-07 19:49:25
71,https://wykaz.ekoportal.pl/dokument/744347,pl_ekoportal,PL,"Decyzja starosty wrzesińskiego nr 760/2010 z dnia 09.11.2010r., zatwierdzająca projekt budowlany i udzielająca pozwolenia na budowę Przedsiębiorstwu Energetyki Cieplnej we Wrześni  [Starostwo Powiatowe we Wrześni]",https://wykaz.ekoportal.pl/CardList.seam,permit,,,0,,,2026-09-07 19:49:25
72,https://wykaz.ekoportal.pl/dokument/763009,pl_ekoportal,PL,"postanowienie o stwierdzeniu potrzeby przeprowadzenia oceny oddziaływania na środowisko dla przedsięwzięcia polegającego na ""Budowie elektrociepłowni gazowej ""Milicz"" o mocy elektr [Urząd Miejski w Miliczu]",https://wykaz.ekoportal.pl/CardList.seam,,10,<=20 MW,0,,,2026-09-07 19:49:25
73,https://wykaz.ekoportal.pl/dokument/763028,pl_ekoportal,PL,"Raport o oddziaływaniu na środowisko przedsięwzięcia polegającego na ""Budowie elektrociepłowni gazowej ""Milicz"" o mocy elektrycznej P=10 MW wraz z infrastrukturą zewnętrzną w zakre [Urząd Miejski w Miliczu]",https://wykaz.ekoportal.pl/CardList.seam,,10,<=20 MW,0,,,2026-09-07 19:49:25
74,https://wykaz.ekoportal.pl/dokument/763044,pl_ekoportal,PL,"Decyzja o środowiskowych uwarunkowaniach dla przedsięwzięcia polegającego na ""Budowie elektrociepłowni gazowej ""Milicz"" o mocy elektrycznej P=10 MW wraz z infrastrukturą zewnętrzną [Urząd Miejski w Miliczu]",https://wykaz.ekoportal.pl/CardList.seam,permit,10,<=20 MW,0,,,2026-09-07 19:49:25
75,https://wykaz.ekoportal.pl/dokument/766615,pl_ekoportal,PL,stwierdzenie braku potrzeby przeprowadzania oceny oddziaływania na środowisko dla przedsięwzięcia polegającego na budowie elektrociepłowni gazowej zlokalizowanej na działce oznaczo [Urząd Miasta Mińsk Mazowiecki],https://wykaz.ekoportal.pl/CardList.seam,,,,0,,,2026-09-07 19:49:25
76,https://wykaz.ekoportal.pl/dokument/787576,pl_ekoportal,PL,Wniosek o wydania pozwolenia zintegrowanego na prowadzenie instalacji energetycznego spalania paliw obejmującej bloki gazowo-parowe nr 9 i 10  w Zespole Elektrowni Dolna Odra w Now [Urząd Marszałkowski Województwa Zachodniopomorskiego],https://wykaz.ekoportal.pl/CardList.seam,,,,0,,,2026-09-07 19:49:25
77,https://wykaz.ekoportal.pl/dokument/825818,pl_ekoportal,PL,pozwolenie zintegrowane na prowadzenie instalacji energetycznego spalania paliw obejmującej bloki gazowo-parowe Nr 9 – 10 w Elektrowni Dolna Odra w Nowym Czarnowie gmina Gryfino [Urząd Marszałkowski Województwa Zachodniopomorskiego],https://wykaz.ekoportal.pl/CardList.seam,permit,,,0,,,2026-09-07 19:49:25
79,https://wykaz.ekoportal.pl/dokument/850081,pl_ekoportal,PL,Wniosek o wydanie pozwolenia zintegrowanego na prowadzenie instalacji energetycznego spalania paliw obejmującej kogeneracyjny blok gazowo - parowy w Elektrowni POMORZANY w Szczecin [Urząd Marszałkowski Województwa Zachodniopomorskiego],https://wykaz.ekoportal.pl/CardList.seam,,,,0,,,2026-09-07 19:49:25
80,https://wykaz.ekoportal.pl/dokument/871789,pl_ekoportal,PL,"wniosek o wydanie decyzji o środowiskowych uwarunkowaniach dla przedsięwzięcia polegającego na budowie elektrociepłowni gazowej o mocy 150MWe na działkach ew. nr 110/7, 110/6, 110/ [Urząd Miasta Stołecznego Warszawy]",https://wykaz.ekoportal.pl/CardList.seam,"drawing,description",150,<=200 MW,0,,,2026-09-07 19:49:25
81,https://wykaz.ekoportal.pl/dokument/889355,pl_ekoportal,PL,"Postanowienie nie stwierdzające obowiązku przeprowadzenia oceny oddziaływania na środowisko dla przedsięwzięcia polegającego na nadbudowie Ciepłowni Zachód w Białymstoku, przy ul.  [Urząd Miejski w Białymstoku]",https://wykaz.ekoportal.pl/CardList.seam,,,,0,,,2026-09-07 19:49:25
82,https://wykaz.ekoportal.pl/dokument/894945,pl_ekoportal,PL,"decyzja o środowiskowych uwarunkowaniach realizacji przedsięzięcia pn. "" Produkcja energii elektrycznej i cieplnej w skojarzeniu z biogazu powstałego po obróbce odcieku wywarowego  [Urząd Gminy Kuryłówka]",https://wykaz.ekoportal.pl/CardList.seam,permit,,,0,,,2026-09-07 19:49:25
83,https://wykaz.ekoportal.pl/dokument/899073,pl_ekoportal,PL,Udzielenie PGE Górnictwo i Energetyka Konwencjonalna S.A. z siedzibą w Bełchatowie przy ul. 1-go maja 63 zezwolenie na emisję gazów cieplarnianych jako podmiotowi podejmującemu rel [Urząd Marszałkowski Województwa Zachodniopomorskiego],https://wykaz.ekoportal.pl/CardList.seam,,,,0,,,2026-09-07 19:49:25
84,https://wykaz.ekoportal.pl/dokument/945827,pl_ekoportal,PL,"postanowienie ustalające zakres raportu o oddziaływaniu na środowisko przedsięwzięcia polegającego na budowie elektrociepłowni gazowej, o mocy 150 MWe, na działkach ew. nr 110/7, 1 [Urząd Miasta Stołecznego Warszawy]",https://wykaz.ekoportal.pl/CardList.seam,,150,<=200 MW,0,,,2026-09-07 19:49:25
85,https://wykaz.ekoportal.pl/dokument/455168455,pl_ekoportal,PL,Uzgodnienie środowiskowych warunków realizacji przedsięwzięcia pn.: Produkcja energii elektrycznej i cieplnej w skojarzeniu z biogazu powstałego po obróbce odcinku wywarowego z zak [Regionalna Dyrekcja Ochrony Środowiska w Rzeszowie],https://wykaz.ekoportal.pl/CardList.seam,,,,0,,,2026-09-07 19:49:25
86,https://wykaz.ekoportal.pl/dokument/455175928,pl_ekoportal,PL,Wniosek o wydanie decyzji o środowiskowych uwarunkowaniach dla budowy budynku elektrociepłowni gazowej oraz buforowego zbiornika ciepła wraz z niezbędnymi urządzeniami i przyłączam [Urząd Miejski w Wołominie],https://wykaz.ekoportal.pl/CardList.seam,,,,0,,,2026-09-07 19:49:25
87,https://wykaz.ekoportal.pl/dokument/455197654,pl_ekoportal,PL,Postanowienie o uznaniu obowiązku przeprowadzenia oceny oddziaływania na środowisko dla planowanego przedsięwzięcia mogącego potencjalnie znacząco oddziaływać na środowisko polegaj [Urząd Miejski w Wołominie],https://wykaz.ekoportal.pl/CardList.seam,,,,0,,,2026-09-07 19:49:25
88,https://wykaz.ekoportal.pl/dokument/455208255,pl_ekoportal,PL,Wniosek o wydanie decyzji o środowiskowych uwarunkowaniach dla  budowy układu kogeneracji w oparciu o agregat z silnikiem gazowym współpracującym z istniejącą ciepłownią opalaną wę [Urząd Miejski w Żninie],https://wykaz.ekoportal.pl/CardList.seam,"drawing,description",31.63,<=50 MW,0,,,2026-09-07 19:49:25
89,https://wykaz.ekoportal.pl/dokument/455236826,pl_ekoportal,PL,"Decyzja o środowiskowych uwarunkowaniach dla realizacji przedsięwzięcia pn.""Zabudowa agregatów kogeneracyjnych na bazie silników gazowych w układzie suszenia koncentratu O/ZWR Rudn [Urząd Gminy Polkowice]",https://wykaz.ekoportal.pl/CardList.seam,permit,,,0,,,2026-09-07 19:49:25
90,https://wykaz.ekoportal.pl/dokument/455236828,pl_ekoportal,PL,"Postanowienie w sprawie braku konieczności przeprowadzenia oceny oddziaływania na środowisko prze4dsięwzięcia pn.""Zabudowa agregatów kogeneracyjnych na bazie silników gazowych w uk [Urząd Gminy Polkowice]",https://wykaz.ekoportal.pl/CardList.seam,,,,0,,,2026-09-07 19:49:25
91,https://wykaz.ekoportal.pl/dokument/455236842,pl_ekoportal,PL,"Wniosek o wydanie decyzji o środowiskowych uwarunkowaniach dla realizacji przedsięwzięcia pn.""Zabudowa agregatów kogeneracyjnych na bazie silników gazowych w układzie suszenia konc [Urząd Gminy Polkowice]",https://wykaz.ekoportal.pl/CardList.seam,,,,0,,,2026-09-07 19:49:25
92,https://wykaz.ekoportal.pl/dokument/455237027,pl_ekoportal,PL,"Decyzja o środowiskowych uwarunkowaniach dla realizacji przedsięwzięcia pn.""Zabudowa agregatu kogeneracyjnego na bazie silnika gazowego w układzie suszenia koncentratu O/ZWR Polkow [Urząd Gminy Polkowice]",https://wykaz.ekoportal.pl/CardList.seam,permit,,,0,,,2026-09-07 19:49:25
93,https://wykaz.ekoportal.pl/dokument/455237034,pl_ekoportal,PL,"Postanowienie w sprawie braku konieczności przeprowadzenia oceny oddziaływania na środowisko przedsięwzięcia pn.""Zabudowa agregatu kogeneracyjnego na bazie silnika gazowego w układ [Urząd Gminy Polkowice]",https://wykaz.ekoportal.pl/CardList.seam,,,,0,,,2026-09-07 19:49:25
94,https://wykaz.ekoportal.pl/dokument/455237044,pl_ekoportal,PL,"Wniosek o wydanie decyzji o środowiskowych uwarunkowaniach dla realizacji przedsięwzięcia pn.""Zabudowa agregatu kogeneracyjnego na bazie silnika gazowego w układzie suszenia koncen [Urząd Gminy Polkowice]",https://wykaz.ekoportal.pl/CardList.seam,,,,0,,,2026-09-07 19:49:25
95,https://wykaz.ekoportal.pl/dokument/455302210,pl_ekoportal,PL,"Wniosek o wydanie decyzji o środowiskowych uwarunkowaniach dla realizacji przedsięwzięcia pn.""Zabudowa agregatu kogeneracyjnego na bazie silnika gazowego w układzie suszenia koncen [Urząd Gminy Polkowice]",https://wykaz.ekoportal.pl/CardList.seam,,,,0,,,2026-09-07 19:49:25
96,https://wykaz.ekoportal.pl/dokument/455302217,pl_ekoportal,PL,"Postanowienie w sprawie braku konieczności przeprowadzenia oceny oddziaływania na środowisko dla realizacji przedsięwzięcia pn.""Zabudowa agregatu kogeneracyjnego na bazie silnika g [Urząd Gminy Polkowice]",https://wykaz.ekoportal.pl/CardList.seam,,,,0,,,2026-09-07 19:49:25
97,https://wykaz.ekoportal.pl/dokument/455302222,pl_ekoportal,PL,"Decyzja o środowiskowych uwarunkowaniach dla realizacji przedsięwzięcia pn.""Zabudowa agreagatu kogeneracyjnego na bazie silnika gazowego w układzie suszenia koncentratu O/ZWR Polko [Urząd Gminy Polkowice]",https://wykaz.ekoportal.pl/CardList.seam,permit,,,0,,,2026-09-07 19:49:25
98,https://wykaz.ekoportal.pl/dokument/455335016,pl_ekoportal,PL,"Wniosek o wydanie decyzji o warunkach zabudowy dla budowy elektrociepłowni gazowo-parowej o mocy elektrycznej 160 Mwe, układzie czterech bloków gazowych współpracujących z ciepłown [Urząd Miasta Torunia]",https://wykaz.ekoportal.pl/CardList.seam,,160,<=200 MW,0,,,2026-09-07 19:49:25
99,https://wykaz.ekoportal.pl/dokument/455351426,pl_ekoportal,PL,Decyzja o środowiskowych uwarunkowaniach dla przedsięwzięcia polegającego na budowie budynku elektrociepłowni gazowej oraz buforowego zbiornika ciepła wraz z niezbędnymi urządzenia [Urząd Miejski w Wołominie],https://wykaz.ekoportal.pl/CardList.seam,permit,,,0,,,2026-09-07 19:49:25
100,https://wykaz.ekoportal.pl/dokument/455364024,pl_ekoportal,PL,"Wniosek o wydanie decyzji o środowiskowych uwarunkowaniach dla przedsięwzięcia polegającego na rozbudowie budynku głównego ciepłowni, budowie fundamentów pod chłodnice wentylatorow [Urząd Miejski w Białymstoku]",https://wykaz.ekoportal.pl/CardList.seam,,,,0,,,2026-09-07 19:49:25
101,https://wykaz.ekoportal.pl/dokument/455365050,pl_ekoportal,PL,Wniosek o pozwolenie na budowę dla inwestycji pn: „Budowa progu piętrzącego na rzece San wraz z instalacjami kontrolno-pomiarowymi w ramach przedsięwzięcia polegającego na budowie  [Podkarpacki Urząd Wojewódzki w Rzeszowie],https://wykaz.ekoportal.pl/CardList.seam,permit,,,0,,,2026-09-07 19:49:25
102,https://wykaz.ekoportal.pl/dokument/455365056,pl_ekoportal,PL,Decyzja udzielająca pozwolenia na budowę dla inwestycji pn: „Budowa progu piętrzącego na rzece San wraz z instalacjami kontrolno-pomiarowymi w ramach przedsięwzięcia polegającego n [Podkarpacki Urząd Wojewódzki w Rzeszowie],https://wykaz.ekoportal.pl/CardList.seam,permit,,,0,,,2026-09-07 19:49:25
103,https://wykaz.ekoportal.pl/dokument/455396481,pl_ekoportal,PL,"Decyzja o warunkach zabudowy dla inwestycji polegającej na budowie elektrociepłowni gazowo-parowej o mocy elektrycznej 160 MWe, układzie czterech bloków gazowych współpracujących z [Urząd Miasta Torunia]",https://wykaz.ekoportal.pl/CardList.seam,permit,160,<=200 MW,0,,,2026-09-07 19:49:25
104,https://wykaz.ekoportal.pl/dokument/455508942,pl_ekoportal,PL,Wniosek PGE GÓRNICTWO I ENERGETYKA KONWENCJONALNA S.A. o zmianę decyzji znak WOŚ.II.7225.5.2011.WR z 29.06.2012 udzielającej zezwolenie na emisję CO2 z bloku gazowo-parowego Elektr [Urząd Marszałkowski Województwa Zachodniopomorskiego],https://wykaz.ekoportal.pl/CardList.seam,,,,0,,,2026-09-07 19:49:25
105,https://wykaz.ekoportal.pl/dokument/455508943,pl_ekoportal,PL,Decyzja dla PGE GÓRNICTWO I ENERGETYKA KONWENCJONALNA S.A. zmieniająca decyzję znak WOŚ.II.7225.5.2011.WR z 29.06.2012 udzielającą zezwolenie na emisję CO2 z bloku gazowo-parowego  [Urząd Marszałkowski Województwa Zachodniopomorskiego],https://wykaz.ekoportal.pl/CardList.seam,permit,,,0,,,2026-09-07 19:49:25
106,https://wykaz.ekoportal.pl/dokument/455543112,pl_ekoportal,PL,Wniosek o wydanie decyzji o środowiskowych uwarunkowaniach dla: „Budowy Bloku Gazowo-Parowego o mocy ok. 430 MWe w Skawinie przy ul. Piłsudskiego 10” [Regionalna Dyrekcja Ochrony Środowiska w Krakowie],https://wykaz.ekoportal.pl/CardList.seam,,430,>200 MW,0,,,2026-09-07 19:49:25
107,https://wykaz.ekoportal.pl/dokument/455543113,pl_ekoportal,PL,Raport o oddziaływaniu przedsięwzięcia na środowisko dla „Budowy Bloku Gazowo-Parowego o mocy ok. 430 MWe w Skawinie przy ul. Piłsudskiego 10” [Regionalna Dyrekcja Ochrony Środowiska w Krakowie],https://wykaz.ekoportal.pl/CardList.seam,,430,>200 MW,0,,,2026-09-07 19:49:25
108,https://wykaz.ekoportal.pl/dokument/455543114,pl_ekoportal,PL,Postanowienie uzgadniające pozytywnie w zakresie ochrony środowiska dla „Budowy Bloku Gazowo-Parowego o mocy ok. 430 MWe w Skawinie przy ul. Piłsudskiego 10” [Regionalna Dyrekcja Ochrony Środowiska w Krakowie],https://wykaz.ekoportal.pl/CardList.seam,,430,>200 MW,0,,,2026-09-07 19:49:25
109,https://wykaz.ekoportal.pl/dokument/455578222,pl_ekoportal,PL,Decyzja o środowiskowych uwarunkowaniach dla „Budowy przyłącza gazowego Dn400 mm wysokiego ciśnienia wraz z infrastrukturą dla planowanego bloku gazowo-parowego w Elektrowni Skawin [Regionalna Dyrekcja Ochrony Środowiska w Krakowie],https://wykaz.ekoportal.pl/CardList.seam,permit,430,>200 MW,0,,,2026-09-07 19:49:25
110,https://wykaz.ekoportal.pl/dokument/455578223,pl_ekoportal,PL,Wniosek o wydanie decyzji o środowiskowych uwarunkowaniach dla „Budowy przyłącza gazowego Dn400 mm wysokiego ciśnienia wraz z infrastrukturą dla planowanego bloku gazowo-parowego w [Regionalna Dyrekcja Ochrony Środowiska w Krakowie],https://wykaz.ekoportal.pl/CardList.seam,,430,>200 MW,0,,,2026-09-07 19:49:25
111,https://wykaz.ekoportal.pl/dokument/455578224,pl_ekoportal,PL,Postanowienie o braku obowiązku przeprowadzenia ooś dla: „Budowy przyłącza gazowego Dn400 mm wysokiego ciśnienia wraz z infrastrukturą dla planowanego bloku gazowo-parowego w Elekt [Regionalna Dyrekcja Ochrony Środowiska w Krakowie],https://wykaz.ekoportal.pl/CardList.seam,,430,>200 MW,0,,,2026-09-07 19:49:25
112,https://wykaz.ekoportal.pl/dokument/455617896,pl_ekoportal,PL,Wniosek o udzielenie KGHM Polska Miedź S.A. pozwolenia zintegrowanego na prowadzenie bloku gazowo-parowego w Głogowie. [Urząd Marszałkowski Województwa Dolnośląskiego],https://wykaz.ekoportal.pl/CardList.seam,,,,0,,,2026-09-07 19:49:25
113,https://wykaz.ekoportal.pl/dokument/455618668,pl_ekoportal,PL,Wniosek o wydanie opinii o planowanym efekcie ekologicznym i celowości realizacji przedsięwzięcia pn BUDOWA GAZOWO-PAROWEGO BLOKU KOGENERACYJNEGO W ELEKTROWNI POMORZANY w Szczecini [Urząd Marszałkowski Województwa Zachodniopomorskiego],https://wykaz.ekoportal.pl/CardList.seam,,,,0,,,2026-09-07 19:49:25
114,https://wykaz.ekoportal.pl/dokument/455692852,pl_ekoportal,PL,"Postanowienie o potrzebie przeprowadzenia oceny oddziaływania na środowisko - budowa elektrociepłowni gazowej o mocy elektrycznej ok. 110 MWe, wraz z infrastrukturą towarzyszącą, p [Urząd Miasta Stołecznego Warszawy]",https://wykaz.ekoportal.pl/CardList.seam,,110,<=200 MW,0,,,2026-09-07 19:49:25
115,https://wykaz.ekoportal.pl/dokument/455692853,pl_ekoportal,PL,Raport o oddziaływaniu na środowisko - budowa elektrociepłowni gazowej o mocy ok. 110 MWe przy ul. Posag 7 Panien w Warszawie [Urząd Miasta Stołecznego Warszawy],https://wykaz.ekoportal.pl/CardList.seam,,110,<=200 MW,0,,,2026-09-07 19:49:25
116,https://wykaz.ekoportal.pl/dokument/455700613,pl_ekoportal,PL,Wniosek o udzielenie zezwolenia na uczestnictwo we wspólnotowym systemie handlu uprawnieniami do emisji w związku z planowaną realizacją instalacji bloku energetycznego gazowo-paro [Urząd Marszałkowski Województwa Dolnośląskiego],https://wykaz.ekoportal.pl/CardList.seam,,,,0,,,2026-09-07 19:49:25
117,https://wykaz.ekoportal.pl/dokument/455700617,pl_ekoportal,PL,Zezwolenie na uczestnictwo we wspólnotowym systemie handlu uprawnieniami do emisji w związku z planowaną realizacją instalacji bloku energetycznego gazowo-parowego przy ul. Obornic [Urząd Marszałkowski Województwa Dolnośląskiego],https://wykaz.ekoportal.pl/CardList.seam,,,,0,,,2026-09-07 19:49:25
118,https://wykaz.ekoportal.pl/dokument/455735590,pl_ekoportal,PL,"Wniosek Spółki Energetycznej ""Jastrzębie"" S.A. o zmianę udzielonego Spółce Energetycznej ""Jastrzębie "" S.A. pozwolenia na wprowadzanie gazów i pyłów do powietrza dla instalacji 3 s [Starostwo Powiatowe w Pszczynie]",https://wykaz.ekoportal.pl/CardList.seam,,,,0,,,2026-09-07 19:49:25
119,https://wykaz.ekoportal.pl/dokument/455735597,pl_ekoportal,PL,"Decyzja Starosty Pszczyńskiego z dnia 15 marca 2011 r. - zmiana udzielonego Spółce Energetycznej ""Jastrzębie "" S.A. pozwolenia na wprowadzanie gazów i pyłów do powietrza dla instal [Starostwo Powiatowe w Pszczynie]",https://wykaz.ekoportal.pl/CardList.seam,permit,,,0,,,2026-09-07 19:49:25
120,https://wykaz.ekoportal.pl/dokument/455821576,pl_ekoportal,PL,"wniosek o wydanie decyzji o środowiskowych uwarunkowaniach dla przedsięwzięcia polegającego na „budowie gazociągu wysokiego ciśnienia DN300, MOP 5,5 MPa, łączącego projektowaną sta [Regionalna Dyrekcja Ochrony Środowiska w Poznaniu]",https://wykaz.ekoportal.pl/CardList.seam,infrastructure,,,0,,,2026-09-07 19:49:25
121,https://wykaz.ekoportal.pl/dokument/455821577,pl_ekoportal,PL,"postanowienie o braku potrzeby przeprowadzenia oceny oddziaływania na środowisko dla przedsięwzięcia polegającego na „budowie gazociągu wysokiego ciśnienia DN300, MOP 5,5 MPa, łącz [Regionalna Dyrekcja Ochrony Środowiska w Poznaniu]",https://wykaz.ekoportal.pl/CardList.seam,infrastructure,,,0,,,2026-09-07 19:49:25
122,https://wykaz.ekoportal.pl/dokument/455821578,pl_ekoportal,PL,"Decyzja o środowiskowych uwarunkowaniach dla przedsięwzięcia polegającego na „budowie gazociągu wysokiego ciśnienia DN300, MOP 5,5 MPa, łączącego projektowaną stację gazową Operato [Regionalna Dyrekcja Ochrony Środowiska w Poznaniu]",https://wykaz.ekoportal.pl/CardList.seam,"infrastructure,permit",,,0,,,2026-09-07 19:49:25
123,https://wykaz.ekoportal.pl/dokument/455826486,pl_ekoportal,PL,"wniosek o zmianę decyzji o środowiskowych uwarunkowaniach dla budowy gazociągu wysokiego ciśnienia DN300 MOP 5,5 MPa , łączącego projektowaną stację gazową Operatora Gaz System SA  [Regionalna Dyrekcja Ochrony Środowiska w Poznaniu]",https://wykaz.ekoportal.pl/CardList.seam,infrastructure,,,0,,,2026-09-07 19:49:25
124,https://wykaz.ekoportal.pl/dokument/455826493,pl_ekoportal,PL,"decyzja umarzająca postępowanie w sprawie zmiany decyzji o środowiskowych uwarunkowaniach dla budowy gazociągu wysokiego ciśnienia DN300 MOP 5,5 MPa , łączącego projektowaną stację [Regionalna Dyrekcja Ochrony Środowiska w Poznaniu]",https://wykaz.ekoportal.pl/CardList.seam,"infrastructure,permit",,,0,,,2026-09-07 19:49:25
125,https://wykaz.ekoportal.pl/dokument/455845454,pl_ekoportal,PL,"wniosek o wydanie decyzji o środowiskowych uwarunkowaniach dla przedsięwzięcia polegającego na budowie gazociągu wysokiego ciśnienia DN300, MOP 5,5 MPa, łączącego projektowaną stac [Regionalna Dyrekcja Ochrony Środowiska w Poznaniu]",https://wykaz.ekoportal.pl/CardList.seam,infrastructure,,,0,,,2026-09-07 19:49:25
126,https://wykaz.ekoportal.pl/dokument/455845455,pl_ekoportal,PL,"postanowienie dla przedsięwzięcia polegającego na budowie gazociągu wysokiego ciśnienia DN300, MOP 5,5 MPa, łączącego projektowaną stację gazową Operatora Gazociągów GAZ-SYSTEM S.A [Regionalna Dyrekcja Ochrony Środowiska w Poznaniu]",https://wykaz.ekoportal.pl/CardList.seam,infrastructure,,,0,,,2026-09-07 19:49:25
127,https://wykaz.ekoportal.pl/dokument/455845456,pl_ekoportal,PL,"decyzja o środowiskowych uwarunkowaniach  dla przedsięwzięcia polegającego na budowie gazociągu wysokiego ciśnienia DN300, MOP 5,5 MPa, łączącego projektowaną stację gazową Operato [Regionalna Dyrekcja Ochrony Środowiska w Poznaniu]",https://wykaz.ekoportal.pl/CardList.seam,"infrastructure,permit",,,0,,,2026-09-07 19:49:25
128,https://wykaz.ekoportal.pl/dokument/455875926,pl_ekoportal,PL,Wniosek o wydanie pozwolenia wodnoprawnego na wykonanie urządzeń wodnych - ujecia wód powierzchniowych zlokalizowanego na działce nr 7 obręb 1079 Szczecin Śródmiescie w ramach budo [Urząd Marszałkowski Województwa Zachodniopomorskiego],https://wykaz.ekoportal.pl/CardList.seam,,,,0,,,2026-09-07 19:49:25
129,https://wykaz.ekoportal.pl/dokument/455875936,pl_ekoportal,PL,Pozwolenie wodnoprawne na wykonanie urządzeń wodnych - ujecia wód powierzchniowych zlokalizowanego na działce nr 7 obręb 1079 Szczecin Śródmiescie w ramach budowy nowego bloku gazo [Urząd Marszałkowski Województwa Zachodniopomorskiego],https://wykaz.ekoportal.pl/CardList.seam,permit,,,0,,,2026-09-07 19:49:25
130,https://wykaz.ekoportal.pl/dokument/455876147,pl_ekoportal,PL,"wniosek o pozwolenie na budowę stacji regulacyjno pomiarowej oraz budowa odcinka gazociągu  w c DN 300 zasilającego stacje w ramach zadania ""Przyłączenie bloku gazowo-parowego PGE  [Starostwo Powiatowe w Gorzowie Wielkopolskim]",https://wykaz.ekoportal.pl/CardList.seam,"infrastructure,permit",,,0,,,2026-09-07 19:49:25
131,https://wykaz.ekoportal.pl/dokument/455878255,pl_ekoportal,PL,Wniosek o wydanie pozwolenia wodnoprawnego dla PGE Górnictwo i Energetyka Konwencjonalna S.A. na wykonanie wylotu wód pochlodniowych W4.3. i przejścia pod wodami rurociągiem W3.1.  [Urząd Marszałkowski Województwa Zachodniopomorskiego],https://wykaz.ekoportal.pl/CardList.seam,,,,0,,,2026-09-07 19:49:25
132,https://wykaz.ekoportal.pl/dokument/455878260,pl_ekoportal,PL,Udzielenie pozwolenia wodnoprawnego dla PGE Górnictwo i Energetyka Konwencjonalna S.A. na wykonanie wylotu wód pochlodniowych W4.3. i przejścia pod wodami rurociągiem W3.1. w ramac [Urząd Marszałkowski Województwa Zachodniopomorskiego],https://wykaz.ekoportal.pl/CardList.seam,,,,0,,,2026-09-07 19:49:25
133,https://wykaz.ekoportal.pl/dokument/455883669,pl_ekoportal,PL,Wniosek o wydanie pozwolenia wodnoprawnego PGE Górnictwo i Energetyka Konwencjonalna S.A. w Bełchatowie na wykonanie urzadzeń wodnych - przejścia linią energetyczną WN 110 KV przez [Urząd Marszałkowski Województwa Zachodniopomorskiego],https://wykaz.ekoportal.pl/CardList.seam,,,,0,,,2026-09-07 19:49:25
134,https://wykaz.ekoportal.pl/dokument/455883673,pl_ekoportal,PL,Udzielenie pozwolenia wodnoprawnego PGE Górnictwo i Energetyka Konwencjonalna S.A. w Bełchatowie na wykonanie urzadzeń wodnych - przejścia linią energetyczną WN 110 KV przez wody p [Urząd Marszałkowski Województwa Zachodniopomorskiego],https://wykaz.ekoportal.pl/CardList.seam,,,,0,,,2026-09-07 19:49:25
135,https://wykaz.ekoportal.pl/dokument/455899591,pl_ekoportal,PL,"Decyzja  o pozwoleniu na budowę stacji regulacyjno pomiarowej oraz budowa odcinka gazociągu  w c DN 300 zasilającego stacje w ramach zadania ""Przyłączenie bloku gazowo-parowego PGE [Starostwo Powiatowe w Gorzowie Wielkopolskim]",https://wykaz.ekoportal.pl/CardList.seam,"infrastructure,permit",,,0,,,2026-09-07 19:49:25
136,https://wykaz.ekoportal.pl/dokument/455915803,pl_ekoportal,PL,"Wniosek o pozwolenie na budowę pn.: ""Montaż przy odwiercie gazowym Jodłówka 11: hydraulicznego żurawia pompowego typ VSH2 WEATHERFORD napędzanego silnikiem gazowym Caterpilar G3304 [Okręgowy Urząd Górniczy w Krośnie]",https://wykaz.ekoportal.pl/CardList.seam,permit,,,0,,,2026-09-07 19:49:25
139,https://wykaz.ekoportal.pl/dokument/455925944,pl_ekoportal,PL,wniosek o wydanie decyzji o środowiskowych uwarunkowaniach dla przedsięwzięcia:Budowa dróg wraz z infrastrukturą techniczną do planowanej elektrowni gazowej w rejonie oczyszczalni  [Urząd Miejski w Gdańsku],https://wykaz.ekoportal.pl/CardList.seam,,,,0,,,2026-09-07 19:49:25
140,https://wykaz.ekoportal.pl/dokument/455925945,pl_ekoportal,PL,postanowienie o braku potrzeby przeprowadzenia oceny oddziaływania na środowisko dla przedsięwzięcia:Budowa dróg wraz z infrastrukturą techniczną do planowanej elektrowni gazowej w [Urząd Miejski w Gdańsku],https://wykaz.ekoportal.pl/CardList.seam,,,,0,,,2026-09-07 19:49:25
141,https://wykaz.ekoportal.pl/dokument/455930848,pl_ekoportal,PL,decyzja o środowiskowych uwarunkowaniach stwierdzająca brak potrzeby przeprowadzenia oceny oddziaływania na środowisko dla przedsięwzięcia:Budowa dróg wraz z infrastrukturą technic [Urząd Miejski w Gdańsku],https://wykaz.ekoportal.pl/CardList.seam,permit,,,0,,,2026-09-07 19:49:25
142,https://wykaz.ekoportal.pl/dokument/455940464,pl_ekoportal,PL,"Wniosek o wydanie decyzji o środowiskowych uwarunkowaniach dla przedsięwzięcia:
„Budowa bloku gazowo-parowego o mocy elektrycznej ok. 115 MWe w Elblągu wraz z infrastrukturą [Urząd Miejski w Elblągu]",https://wykaz.ekoportal.pl/CardList.seam,,115,<=200 MW,0,,,2026-09-07 19:49:25
143,https://wykaz.ekoportal.pl/dokument/455940465,pl_ekoportal,PL,"Raport o oddziaływaniu przedsięwzięcia na środowisko „Budowa bloku gazowo-parowego o mocy elektrycznej ok. 115 MWe  w Elblągu” wykonany przez ATOMTERM S.A. Opole, styczeń 2014 r. ( [Urząd Miejski w Elblągu]",https://wykaz.ekoportal.pl/CardList.seam,,115,<=200 MW,0,,,2026-09-07 19:49:25
144,https://wykaz.ekoportal.pl/dokument/455940466,pl_ekoportal,PL,decyzja określająca środowiskowe uwarunkowania realizacji przedsięwzięcia  „Budowa bloku gazowo – parowego o mocy elektrycznej ok. 115MWe w Elblągu wraz z infrastrukturą” [Urząd Miejski w Elblągu],https://wykaz.ekoportal.pl/CardList.seam,permit,115,<=200 MW,0,,,2026-09-07 19:49:25
145,https://wykaz.ekoportal.pl/dokument/455941313,pl_ekoportal,PL,Wniosek z dnia 30 czerwca 2014 r.w sprawie wydania decyzji o środowiskowych uwarunkowaniach dla przedsięwzięcia pn.: „Budowa kogeneracyjnych bloków gazowych GT 50 w Siechnicach” [Regionalna Dyrekcja Ochrony Środowiska we Wrocławiu],https://wykaz.ekoportal.pl/CardList.seam,,,,0,,,2026-09-07 19:49:25
146,https://wykaz.ekoportal.pl/dokument/456055374,pl_ekoportal,PL,"wniosek o wydanie decyzji o środowiskowych uwarunkowaniach dla przedsięwzięcia:  „Budowa układu gazowo-parowgo (UGP) o mocy elektrycznej
do ok. 600 MWe wraz z infrastrukturą towar [Urząd Miejski w Gdańsku]",https://wykaz.ekoportal.pl/CardList.seam,,600,>200 MW,0,,,2026-09-07 19:49:25
147,https://wykaz.ekoportal.pl/dokument/456055375,pl_ekoportal,PL,"raport o oddziaływaniu na środowisko dla przedsięwzięcia:  „Budowa układu gazowo-parowgo (UGP) o mocy elektrycznej
do ok. 600 MWe wraz z infrastrukturą towarzyszącą w Gdańsku” – o [Urząd Miejski w Gdańsku]",https://wykaz.ekoportal.pl/CardList.seam,,600,>200 MW,0,,,2026-09-07 19:49:25
148,https://wykaz.ekoportal.pl/dokument/456055376,pl_ekoportal,PL,decyzja o środowiskowych uwarunkowaniach dla przedsięwzięcia:  „Budowa układu gazowo-parowgo (UGP) o mocy elektrycznej do ok. 600 MWe wraz z infrastrukturą towarzyszącą w Gdańsku”  [Urząd Miejski w Gdańsku],https://wykaz.ekoportal.pl/CardList.seam,permit,600,>200 MW,0,,,2026-09-07 19:49:25
149,https://wykaz.ekoportal.pl/dokument/456070769,pl_ekoportal,PL,"Raport oddziaływania na środowisko przedsięwzięcia polegającego na zmianie bloku gazowo – parowego w budowie. Inwestycja planowana jest na działkach o nr ewid. 2741/153, 2741/158,  [Urząd Miasta Stalowej Woli]",https://wykaz.ekoportal.pl/CardList.seam,description,,,0,,,2026-09-07 19:49:25
150,https://wykaz.ekoportal.pl/dokument/456074530,pl_ekoportal,PL,Wniosek o wydanie decyzji o środowiskowych uwarunkowaniach dla przedsięwzięcia pn. „Wyprowadzenie mocy elektrycznej z projektowanej elektrociepłowni gazowej do rozdzielni napowietr [Regionalna Dyrekcja Ochrony Środowiska we Wrocławiu],https://wykaz.ekoportal.pl/CardList.seam,,,,0,,,2026-09-07 19:49:25
151,https://wykaz.ekoportal.pl/dokument/456074531,pl_ekoportal,PL,Postanowienie o braku obowiązku przeprowadzenia oceny oddziaływania na środowisko dla przedsięwzięcia Wyprowadzenie mocy elektrycznej z projektowanej elektrociepłowni gazowej do ro [Regionalna Dyrekcja Ochrony Środowiska we Wrocławiu],https://wykaz.ekoportal.pl/CardList.seam,,,,0,,,2026-09-07 19:49:25
152,https://wykaz.ekoportal.pl/dokument/456074532,pl_ekoportal,PL,Decyzja o środowiskowych uwarunkowaniach dla przedsięwzięcia pn. Wyprowadzenie mocy elektrycznej z projektowanej elektrociepłowni gazowej do rozdzielni napowietrznej R2/110kV Czech [Regionalna Dyrekcja Ochrony Środowiska we Wrocławiu],https://wykaz.ekoportal.pl/CardList.seam,permit,,,0,,,2026-09-07 19:49:25
155,https://wykaz.ekoportal.pl/dokument/456104203,pl_ekoportal,PL,"Postanowienie uzgadniające pozytywnie w zakresie ochrony środowiska dla ”Budowy w systemie „pod klucz” nowego źródła energii elektrycznej i ciepła w oparciu o blok gazowo – parowy, [Regionalna Dyrekcja Ochrony Środowiska w Krakowie]",https://wykaz.ekoportal.pl/CardList.seam,,,,0,,,2026-09-07 19:49:25
156,https://wykaz.ekoportal.pl/dokument/456104229,pl_ekoportal,PL,"Raport oddziaływania na środowisko dla ”Budowy w systemie „pod klucz” nowego źródła energii elektrycznej i ciepła w oparciu o blok gazowo – parowy, turbiną parową i kotłownię Rezer [Regionalna Dyrekcja Ochrony Środowiska w Krakowie]",https://wykaz.ekoportal.pl/CardList.seam,description,,,0,,,2026-09-07 19:49:25
157,https://wykaz.ekoportal.pl/dokument/456134156,pl_ekoportal,PL,"Ddecyzja zmieniająca z urzędu decyzję Marszałka Województwa Zachodniopomorskiego z dnia 15 marca 2011 r., znak: WRiOŚ.II.MG-7740/25-8/10, udzielającą PGE Górnictwo i Energetyka Kon [Urząd Marszałkowski Województwa Zachodniopomorskiego]",https://wykaz.ekoportal.pl/CardList.seam,permit,,,0,,,2026-09-07 19:49:25
158,https://wykaz.ekoportal.pl/dokument/456134333,pl_ekoportal,PL,"Decyzja zmieniająca z urzędu decyzję Marszałka Województwa Zachodniopomorskiego z dnia 15 kwietnia 2011 r., znak: WRiOŚ.II.BK-7740/30-8/10, udzielającą PGE Górnictwo i Energetyka K [Urząd Marszałkowski Województwa Zachodniopomorskiego]",https://wykaz.ekoportal.pl/CardList.seam,permit,,,0,,,2026-09-07 19:49:25
159,https://wykaz.ekoportal.pl/dokument/456165594,pl_ekoportal,PL,"Wniosek  o wydanie pozwolenia wodnoprawnego na wykonanie urządzeń wodnych,   tj. wylotu W-5 do wprowadzania wód opadowych i roztopowych do wód powierzchniowych ,,kanału ziemnego” ( [Urząd Marszałkowski Województwa Zachodniopomorskiego]",https://wykaz.ekoportal.pl/CardList.seam,,,,0,,,2026-09-07 19:49:25
163,https://wykaz.ekoportal.pl/dokument/456172301,pl_ekoportal,PL,"Zmiana bloku gazowo – parowego w budowie. Inwestycja planowana jest na działkach o nr ewid. 2741/153, 2741/158, 2741/159, 2741/173, 2741/174, 2741/176, 2741/177, 2741/179, 2741/181 [Urząd Miasta Stalowej Woli]",https://wykaz.ekoportal.pl/CardList.seam,,,,0,,,2026-09-07 19:49:25
164,https://wykaz.ekoportal.pl/dokument/456352351,pl_ekoportal,PL,wniosek o wydanie zezwolenia na emisję gazów cieplarnianych dla instalacji energetycznego spalania gazu ziemnego - Bloku Gazowo-Parowego w Polkowicach [Starostwo Powiatowe w Polkowicach],https://wykaz.ekoportal.pl/CardList.seam,,,,0,,,2026-09-07 19:49:25
165,https://wykaz.ekoportal.pl/dokument/456352359,pl_ekoportal,PL,zezwolenie na emisję gazów cieplarnianych z Bloku Gazowo-Parowego zlokalizowanego w Polkowicach [Starostwo Powiatowe w Polkowicach],https://wykaz.ekoportal.pl/CardList.seam,,,,0,,,2026-09-07 19:49:25
166,https://wykaz.ekoportal.pl/dokument/456431580,pl_ekoportal,PL,Wniosek z dnia 06 sierpnia 2014 r.w sprawie wydania decyzji o środowiskowych uwarunkowaniach dla przedsięwzięcia pn.: „Budowa kogeneracyjnych bloków gazowych GT 50 w Siechnicach” [Regionalna Dyrekcja Ochrony Środowiska we Wrocławiu],https://wykaz.ekoportal.pl/CardList.seam,,,,0,,,2026-09-07 19:49:25
167,https://wykaz.ekoportal.pl/dokument/456431581,pl_ekoportal,PL,Raport oddziaływania na środowisko dla przedsięwzięcia polegającego na budowie kogeneracyjnych bloków gazowych GT-50 w Siechnicach - Rewizja 1 [Regionalna Dyrekcja Ochrony Środowiska we Wrocławiu],https://wykaz.ekoportal.pl/CardList.seam,description,,,0,,,2026-09-07 19:49:25
168,https://wykaz.ekoportal.pl/dokument/456431582,pl_ekoportal,PL,Decyzja o środowiskowych uwarunkowaniach dla przedsięwzięcia pn.: „Budowa kogeneracyjnych bloków gazowych GT 50 w Siechnicach” [Regionalna Dyrekcja Ochrony Środowiska we Wrocławiu],https://wykaz.ekoportal.pl/CardList.seam,permit,,,0,,,2026-09-07 19:49:25
169,https://wykaz.ekoportal.pl/dokument/456642811,pl_ekoportal,PL,"zgłoszenie instalacji z terenu kompleksu Jednostki Wojskowej 1156 Poznań ul. silniki 1,61-325 Poznań, z których wprowadzanie gazów i pyłów do powietrza nie wymaga pozwolenia. [Regionalna Dyrekcja Ochrony Środowiska w Poznaniu]",https://wykaz.ekoportal.pl/CardList.seam,,,,0,,,2026-09-07 19:49:25
170,https://wykaz.ekoportal.pl/dokument/456803835,pl_ekoportal,PL,Wniosek o pozwolenie na budowę pn.: „Montaż żurawia pompowego typu 7CK-12 napędzanego silnikiem gazowym na odwiercie Jodłówka 27 na KGZ Jodłówka”. [Okręgowy Urząd Górniczy w Krośnie],https://wykaz.ekoportal.pl/CardList.seam,permit,,,0,,,2026-09-07 19:49:25
173,https://wykaz.ekoportal.pl/dokument/459734729,pl_ekoportal,PL,Decyzja o pozwoleniu na budowę pn.: „Montaż żurawia pompowego typu 7CK-12 napędzanego silnikiem gazowym na odwiercie Jodłówka 27 na KGZ Jodłówka” [Okręgowy Urząd Górniczy w Krośnie],https://wykaz.ekoportal.pl/CardList.seam,permit,,,0,,,2026-09-07 19:49:25
174,https://wykaz.ekoportal.pl/dokument/459741838,pl_ekoportal,PL,"Decyzja o pozwoleniu na budowę pn.: ""Montaż przy odwiercie gazowym Jodłówka 11: hydraulicznego żurawia pompowego typ VSH2 WEATHERFORD napędzanego silnikiem gazowym Caterpilar G3304 [Okręgowy Urząd Górniczy w Krośnie]",https://wykaz.ekoportal.pl/CardList.seam,permit,,,0,,,2026-09-07 19:49:25
175,https://wykaz.ekoportal.pl/dokument/460239112,pl_ekoportal,PL,budowa bloku gazowo-parowego ciepłowniczego o mocy 238 MWe z wyprowadzeniem mocy w EC-II Bydgoszcz w granicach działki o nr ew. 8/21 w obrębie 268 przy ul. Energetycznej 1 w Bydgos [Urząd Miasta Bydgoszczy],https://wykaz.ekoportal.pl/CardList.seam,,238,>200 MW,0,,,2026-09-07 19:49:25
176,https://wykaz.ekoportal.pl/dokument/460239175,pl_ekoportal,PL,budowa bloku gazowo-parowego ciepłowniczego o mocy w przedziale 400-470 MWe z wyprowadzeniem mocy w EC-II Bydgoszcz [Urząd Miasta Bydgoszczy],https://wykaz.ekoportal.pl/CardList.seam,,470,>200 MW,0,,,2026-09-07 19:49:25
177,https://wykaz.ekoportal.pl/dokument/460239912,pl_ekoportal,PL,"WNIOSEK O WYDANIE DECYZJI O ŚRODOWISKOWYCH UWARUNKOWANIACH ZGODY NA REALIZACJĘ PRZEDSIĘWZIĘCIA POLEGAJĄCEGO NA ""BUDOWIE BLOKU GAZOWO-PAROWEGO O MOCY 238MW W EC II BYDGOSZCZ, PRZY U [Urząd Miasta Bydgoszczy]",https://wykaz.ekoportal.pl/CardList.seam,,238,>200 MW,0,,,2026-09-07 19:49:25
178,https://wykaz.ekoportal.pl/dokument/460239977,pl_ekoportal,PL,Wniosek o wydanie decyzji o środowiskowych uwarunkowaniach dla przedsięwzięcia polegającego na budowie bloku gazowo-parowego ciepłowniczego o mocy w przedziale 400-470 MWe w EC Byd [Urząd Miasta Bydgoszczy],https://wykaz.ekoportal.pl/CardList.seam,,470,>200 MW,0,,,2026-09-07 19:49:25
179,https://wykaz.ekoportal.pl/dokument/460244452,pl_ekoportal,PL,"WNIOSEK O WYDANIE DECYZJI O ŚRODOWISKOWYCH UWARUNKOWANIACH ZGODY NA REALIZACJĘ PRZEDSIĘWZIĘCIA POLEGAJĄCEGO NA ""BUDOWIE BLOKU GAZOWO-PAROWEGO O MOCY 238MW W EC II BYDGOSZCZ, PRZY U [Urząd Miasta Bydgoszczy]",https://wykaz.ekoportal.pl/CardList.seam,,238,>200 MW,0,,,2026-09-07 19:49:25
180,https://wykaz.ekoportal.pl/dokument/460244493,pl_ekoportal,PL,Wniosek o wydanie decyzji o środowiskowych uwarunkowaniach dla przedsięwzięcia polegającego na budowie bloku gazowo-parowego ciepłowniczego o mocy w przedziale 400-470 MWe w EC Byd [Urząd Miasta Bydgoszczy],https://wykaz.ekoportal.pl/CardList.seam,,470,>200 MW,0,,,2026-09-07 19:49:25
181,https://wykaz.ekoportal.pl/dokument/460285934,pl_ekoportal,PL,Postanowienie uzgadniające warunki realizacji przedsięwzięcia p.n. „Budowa elektrowni gazowej wykorzystującej jako surowiec odnawialne źródło energii w postaci odpadów pochodzących [Lubelski Urząd Wojewódzki w Lublinie],https://wykaz.ekoportal.pl/CardList.seam,,,,0,,,2026-09-07 19:49:25
182,https://wykaz.ekoportal.pl/dokument/460361167,pl_ekoportal,PL,Raport o oddziaływaniu przedsięwzięcia polegającego na budowie bloku gazowo-parowego ciepłowniczego o mocy w przedziale 400-470 MWe w EC Bydgoszcz II przy ul. Energetycznej 1 w Byd [Urząd Miasta Bydgoszczy],https://wykaz.ekoportal.pl/CardList.seam,,470,>200 MW,0,,,2026-09-07 19:49:25
183,https://wykaz.ekoportal.pl/dokument/461325830,pl_ekoportal,PL,zgłoszenie instalacji modułu kogeneracyjnego w instalacji biogazowni rolniczej CHP Energia Sp z o.o. [Starostwo Powiatowe w Wysokiem Mazowieckiem],https://wykaz.ekoportal.pl/CardList.seam,,,,0,,,2026-09-07 19:49:25
184,https://wykaz.ekoportal.pl/dokument/462773824,pl_ekoportal,PL,"Wniosek w sprawie wydania pozwolenia na budowę biogazowni rolniczej o mocy do 600kW ze zbiornikiem pierwszej fermentacji o średnicy Ø 22m, zbiornikiem wtórnej fermentacji o średnic [Starostwo Powiatowe w Białymstoku]",https://wykaz.ekoportal.pl/CardList.seam,,,,0,,,2026-09-07 19:49:25
185,https://wykaz.ekoportal.pl/dokument/462776837,pl_ekoportal,PL,"Decyzja o pozwoleniu na budowę biogazowni rolniczej o mocy do 600kW ze zbiornikiem pierwszej fermentacji o średnicy Ø 22m, zbiornikiem wtórnej fermentacji o średnicy Ø 22m, zbiorni [Starostwo Powiatowe w Białymstoku]",https://wykaz.ekoportal.pl/CardList.seam,permit,,,0,,,2026-09-07 19:49:25
186,https://wykaz.ekoportal.pl/dokument/463508808,pl_ekoportal,PL,"Wniosek o wydanie decyzji o środowiskowych uwarunkowaniach dla przedsięwzięcia pn. "" Rozbudowa systemu ciepłowniczego ZGC o wysokosprawny układ kogeneracyjny wytwarzania energii el [Regionalna Dyrekcja Ochrony Środowiska w Łodzi]",https://wykaz.ekoportal.pl/CardList.seam,,,,0,,,2026-09-07 19:49:25
187,https://wykaz.ekoportal.pl/dokument/464000563,pl_ekoportal,PL,"Rozbudowa istniejącej instalacji spalania paliw na terenie Synthos Dwory 7 Sp. z o. o., Sp. J. w Oświęcimiu, poprzez budowę Nowego Bloku Gazowo-Parowego o mocy ok. 200 MWe wraz z t [Urząd Miasta Oświęcim]",https://wykaz.ekoportal.pl/CardList.seam,,200,<=200 MW,0,,,2026-09-07 19:49:25
189,https://wykaz.ekoportal.pl/dokument/464036617,pl_ekoportal,PL,"Wniosek o wydanie decyzji o środowiskowych uwarunkowaniach dla przedsięwzięcia polegającego na „instalacji gazowego silnika kogeneracyjnego (ok. 2,8 MW w paliwie) w miejsce przezna [Urząd Miasta w Kamiennej Górze]",https://wykaz.ekoportal.pl/CardList.seam,,2.8,<=20 MW,0,,,2026-09-07 19:49:25
190,https://wykaz.ekoportal.pl/dokument/464036624,pl_ekoportal,PL,Postanowienie o braku potrzeby przeprowadzenia oceny oddziaływania przedsięwzięcia na środowisko w sprawie decyzji o środowiskowych uwarunkowaniach dla przedsięwzięcia polegającego [Urząd Miasta w Kamiennej Górze],https://wykaz.ekoportal.pl/CardList.seam,,2.8,<=20 MW,0,,,2026-09-07 19:49:25
191,https://wykaz.ekoportal.pl/dokument/464036628,pl_ekoportal,PL,Decyzja o braku potrzeby przeprowadzenia oceny oddziaływania przedsięwzięcia na środowisko w sprawie decyzji o środowiskowych uwarunkowaniach dla przedsięwzięcia polegającego na „i [Urząd Miasta w Kamiennej Górze],https://wykaz.ekoportal.pl/CardList.seam,permit,2.8,<=20 MW,0,,,2026-09-07 19:49:25
192,https://wykaz.ekoportal.pl/dokument/464040096,pl_ekoportal,PL,Wniosek o wydanie decyzji o środowiskowych uwarunkowaniach dla przedsięwzięcia pn. Terenowa sieć cieplna wewnątrzzakładowa do budynku źródła kogeneracyjnego w oparciu o silniki gaz [Urząd Miejski w Trzebnicy],https://wykaz.ekoportal.pl/CardList.seam,,8,<=20 MW,0,,,2026-09-07 19:49:25
193,https://wykaz.ekoportal.pl/dokument/464102955,pl_ekoportal,PL,Wniosek o wydanie decyzji o środowiskowych uwarunkowaniach dla inwestycji polegającej na budowie turbiny gazowej z kotłem odzyskowym parowo - wodnym oraz gazowo - olejowych kotłów  [Urząd Miasta Bydgoszczy],https://wykaz.ekoportal.pl/CardList.seam,,,,0,,,2026-09-07 19:49:25
194,https://wykaz.ekoportal.pl/dokument/464142965,pl_ekoportal,PL,Postanowienie o konieczności przeprowadzenia ooś oraz ustaleniu zakresu raportu ooś dla planowanego przedsięwzięcia polegającego na budowie turbiny gazowej z kotłem odzyskowym paro [Urząd Miasta Bydgoszczy],https://wykaz.ekoportal.pl/CardList.seam,,,,0,,,2026-09-07 19:49:25
195,https://wykaz.ekoportal.pl/dokument/464144992,pl_ekoportal,PL,Wniosek o zmianę pozwolenia zintegrowanego na prowadzenie bloku gazowo-parowego w Głogowie KGHM Polska Miedź S.A. (Pz 214/2014 ze zmianami). [Urząd Marszałkowski Województwa Dolnośląskiego],https://wykaz.ekoportal.pl/CardList.seam,,,,0,,,2026-09-07 19:49:25
196,https://wykaz.ekoportal.pl/dokument/464147709,pl_ekoportal,PL,Wniosek o wydanie decyzji o środowiskowych uwarunkowaniach - Budowa linii napowietrznej 400 kV na potrzeby układu gazowo-parowego o mocy elektrycznej do ok. 600 MWe w Gdańsku [Urząd Gminy Pruszcz Gdański],https://wykaz.ekoportal.pl/CardList.seam,,600,>200 MW,0,,,2026-09-07 19:49:25
197,https://wykaz.ekoportal.pl/dokument/464147712,pl_ekoportal,PL,Decyzja o środowiskowych uwarunkowaniach - Budowa linii napowietrznej 400 kV na potrzeby układu gazowo-parowego o mocy elektrycznej do ok. 600 MWe w Gdańsku [Urząd Gminy Pruszcz Gdański],https://wykaz.ekoportal.pl/CardList.seam,permit,600,>200 MW,0,,,2026-09-07 19:49:25
198,https://wykaz.ekoportal.pl/dokument/464162744,pl_ekoportal,PL,Decyzja o środowiskowych uwarunkowaniach dla przedsięwzięcia pn.Terenowa sieć cieplna wewnątrzzakładowa do budynku źródła kogeneracyjnego w oparciu o silniki gazowe o mocy elektryc [Urząd Miejski w Trzebnicy],https://wykaz.ekoportal.pl/CardList.seam,permit,8,<=20 MW,0,,,2026-09-07 19:49:25
200,https://wykaz.ekoportal.pl/dokument/464254045,pl_ekoportal,PL,"Wniosek o wydanie decyzji o dla przedsięwzięcia pn. „Rozbudowa Elektrociepłowni Piaskówka o moduł silników gazowych do skojarzonego wytwarzania energii elektrycznej i ciepła,   pla [Regionalna Dyrekcja Ochrony Środowiska w Krakowie]",https://wykaz.ekoportal.pl/CardList.seam,,,,0,,,2026-09-07 19:49:25
201,https://wykaz.ekoportal.pl/dokument/464254046,pl_ekoportal,PL,Decyzja o środowiskowych uwarunkowaniach dla  przedsięwzięcia pn.  „Rozbudowa Elektrociepłowni Piaskówka o moduł silników gazowych do skojarzonego wytwarzania energii elektrycznej  [Regionalna Dyrekcja Ochrony Środowiska w Krakowie],https://wykaz.ekoportal.pl/CardList.seam,permit,,,0,,,2026-09-07 19:49:25
202,https://wykaz.ekoportal.pl/dokument/464354864,pl_ekoportal,PL,"Raport ooś dla inwestycji polegającej na budowie turbiny gazowej z kotłem odzyskowym parowo – wodnym oraz gazowo – olejowych kotłów rezerwowo – szczytowych, parowo – wodnych na dzi [Urząd Miasta Bydgoszczy]",https://wykaz.ekoportal.pl/CardList.seam,,,,0,,,2026-09-07 19:49:25
203,https://wykaz.ekoportal.pl/dokument/464356922,pl_ekoportal,PL,"Wniosek o wydanie pozwolenie na wywtarzanie odpadów w instalacji elektrociepłowni gazowej eksploatowanej przez Przedsiębiorstwo Energetyki Cieplnej Sp. z o.o. ul. Sosnkowskiego 16, [Starostwo Powiatowe w Mińsku Mazowieckim]",https://wykaz.ekoportal.pl/CardList.seam,permit,,,0,,,2026-09-07 19:49:25
204,https://wykaz.ekoportal.pl/dokument/464356923,pl_ekoportal,PL,(d1) Decyzja z dnia 14.10.2020 r. znak: WS.6220.7.2020 - pozwolenie na wytwarzanie odpadów w instalacji elektrociepłowni gazowej eksploatowanej przez Przedsiębiorstwo Energetyki Ci [Starostwo Powiatowe w Mińsku Mazowieckim],https://wykaz.ekoportal.pl/CardList.seam,permit,,,0,,,2026-09-07 19:49:25
205,https://wykaz.ekoportal.pl/dokument/464481250,pl_ekoportal,PL,Wniosek o wydanie decyzji o środowiskowych uwarunkowaniach dla przedsięwzięcia polegającego na instalacji agregatów kogeneracyjnych nr 4 i 5 oraz adaptacji pomieszczeń hali kotłów  [Urząd Miejski w Białymstoku],https://wykaz.ekoportal.pl/CardList.seam,,,,0,,,2026-09-07 19:49:25
206,https://wykaz.ekoportal.pl/dokument/464644591,pl_ekoportal,PL,"zgłoszenie instalacji obejmującej zbiorniki do magazynowania paliw/oleju napędowego, pompy p.poż. z silnikami, kotły gazowe  i nagrzewnica gazowa zlokalizowanej na terenie centrum  [Starostwo Powiatowe w Bieruniu]",https://wykaz.ekoportal.pl/CardList.seam,,,,0,,,2026-09-07 19:49:25
207,https://wykaz.ekoportal.pl/dokument/464712121,pl_ekoportal,PL,"wniosek o wydanie decyzji o środowiskowych uwarunkowaniach dla przedsięwzięcia polegającego na „budowie bloku gazowo-parowego w EC Gdyńskiej”, zlokalizowanego na działkach nr 15/4, [Urząd Miasta Gdyni]",https://wykaz.ekoportal.pl/CardList.seam,,,,0,,,2026-09-07 19:49:25
208,https://wykaz.ekoportal.pl/dokument/464712122,pl_ekoportal,PL,"raport o oddziaływaniu na środowisko dot. przedsięwzięcia polegającego na „budowie bloku gazowo-parowego w EC Gdyńskiej”, zlokalizowanego na działkach nr 15/4, 6/2 i 10 obręb ewide [Urząd Miasta Gdyni]",https://wykaz.ekoportal.pl/CardList.seam,,,,0,,,2026-09-07 19:49:25
209,https://wykaz.ekoportal.pl/dokument/464712123,pl_ekoportal,PL,"decyzja o środowiskowych uwarunkowaniach dla przedsięwzięcia polegającego na „budowie bloku gazowo-parowego w EC Gdyńskiej”, zlokalizowanego na działkach nr 15/4, 6/2 i 10 obręb ew [Urząd Miasta Gdyni]",https://wykaz.ekoportal.pl/CardList.seam,permit,,,0,,,2026-09-07 19:49:25
210,https://wykaz.ekoportal.pl/dokument/464742955,pl_ekoportal,PL,wniosek o wydanie decyzji o środowiskowych uwarunkowaniach dla przedsięwzięcia: „Budowa dróg wraz z infrastrukturą techniczną do planowanej Elektrowni Gazowo-Parowej w rejonie Oczy [Urząd Miejski w Gdańsku],https://wykaz.ekoportal.pl/CardList.seam,,,,0,,,2026-09-07 19:49:25
211,https://wykaz.ekoportal.pl/dokument/464742956,pl_ekoportal,PL,decyzja o środowiskowych uwarunkowaniach stwierdzająca brak potrzeby przeprowadzenia oceny oddziaływania na środowisko dla przedsięwzięcia: Budowa dróg wraz z infrastrukturą techni [Urząd Miejski w Gdańsku],https://wykaz.ekoportal.pl/CardList.seam,permit,,,0,,,2026-09-07 19:49:25
212,https://wykaz.ekoportal.pl/dokument/464769847,pl_ekoportal,PL,"Wniosek o wydanie decyzji o środowiskowych uwarunkowaniach  dla planowanego przedsięwzięcia polegającego na budowie układu kogeneracyjnego trzech silników gazowych, magazynu ciepła [Urząd Miejski w Elblągu]",https://wykaz.ekoportal.pl/CardList.seam,,,,0,,,2026-09-07 19:49:25
213,https://wykaz.ekoportal.pl/dokument/464777644,pl_ekoportal,PL,"Wniosek o wydanie decyzji o środowiskowych uwarunkowaniach dla przedsięwzięcia pn. ""Budowa rurociągu gazowego doprowadzającego gaz do instalacji energetycznego spalania paliw - Now [Regionalna Dyrekcja Ochrony Środowiska w Katowicach]",https://wykaz.ekoportal.pl/CardList.seam,,,,0,,,2026-09-07 19:49:25
214,https://wykaz.ekoportal.pl/dokument/464777645,pl_ekoportal,PL,"Decyzja o środowiskowych uwarunkowaniach: I. Stwierdzająca brak potrzeby przeprowadzenia oceny oddziaływania na środowisko dla
przedsięwzięcia pn: „Budowa rurociągu gazowego dopro [Regionalna Dyrekcja Ochrony Środowiska w Katowicach]",https://wykaz.ekoportal.pl/CardList.seam,permit,,,0,,,2026-09-07 19:49:25
215,https://wykaz.ekoportal.pl/dokument/464870726,pl_ekoportal,PL,"Raport o oddziaływaniu przedsięwzięcia na środowisko polegającego na budowie układu kogeneracyjnego trzech silników gazowych, magazynu ciepła oraz kotła gazowego na terenie Energa  [Urząd Miejski w Elblągu]",https://wykaz.ekoportal.pl/CardList.seam,,,,0,,,2026-09-07 19:49:25
216,https://wykaz.ekoportal.pl/dokument/464889020,pl_ekoportal,PL,"Decyzja o środowiskowych uwarunkowaniach dla przedsięwzięcia polegającego na budowie układu kogeneracyjnego trzech silników gazowych, magazynu ciepła oraz kotła gazowego na terenie [Urząd Miejski w Elblągu]",https://wykaz.ekoportal.pl/CardList.seam,permit,,,0,,,2026-09-07 19:49:25
217,https://wykaz.ekoportal.pl/dokument/465104254,pl_ekoportal,PL,Wniosek o wydanie pozwolenia na wprowadzanie gazów i pyłów do powietrza z elektrociepłowni gazowej eksploatowanej przez Edison Next Services Poland Sp. z o.o. [Urząd Miasta Rzeszowa],https://wykaz.ekoportal.pl/CardList.seam,,,,0,,,2026-09-07 19:49:25
218,https://wykaz.ekoportal.pl/dokument/465104255,pl_ekoportal,PL,Pozwolenia na wprowadzanie gazów i pyłów do powietrza z elektrociepłowni gazowej eksploatowanej przez Edison Next Services Poland Sp. z o.o. [Urząd Miasta Rzeszowa],https://wykaz.ekoportal.pl/CardList.seam,,,,0,,,2026-09-07 19:49:25
219,https://wykaz.ekoportal.pl/dokument/465132238,pl_ekoportal,PL,"Raport o oddziaływaniu na środowisko przedsięwzięcia pn. ""Budowa instalacji energetycznego spalania paliw - Nowego Bloku gazowo-parowego wraz z infrastruktura towarzyszącą"" w Rybni [Regionalna Dyrekcja Ochrony Środowiska w Katowicach]",https://wykaz.ekoportal.pl/CardList.seam,,,,0,,,2026-09-07 19:49:25
220,https://wykaz.ekoportal.pl/dokument/465132239,pl_ekoportal,PL,"Postanowienie uzgadniające realizację i określające warunki przedsięwzięcia pn.„Budowa nowego bloku
gazowo-parowego wraz z infrastrukturą towarzyszącą w Rybniku przy ul. Podmiejsk [Regionalna Dyrekcja Ochrony Środowiska w Katowicach]",https://wykaz.ekoportal.pl/CardList.seam,,,,0,,,2026-09-07 19:49:25
221,https://wykaz.ekoportal.pl/dokument/465133022,pl_ekoportal,PL,"wniosek o wydanie decyzji o środowiskowych uwarunkowaniach dla przedsięwzięcia: ""Budowa instalacji pomocniczych dla bloku gazowo-parowego"" dz. nr 328/2 i 328/4 obr. 300 [Urząd Miejski w Gdańsku]",https://wykaz.ekoportal.pl/CardList.seam,,,,0,,,2026-09-07 19:49:25
222,https://wykaz.ekoportal.pl/dokument/465133023,pl_ekoportal,PL,"decyzja o środowiskowych uwarunkowaniach stwierdzająca brak potrzeby przeprowadzenia oceny oddziaływania na środowisko dla przedsięwzięcia: ""Budowa instalacji pomocniczych dla blok [Urząd Miejski w Gdańsku]",https://wykaz.ekoportal.pl/CardList.seam,permit,,,0,,,2026-09-07 19:49:25
224,https://wykaz.ekoportal.pl/dokument/465240393,pl_ekoportal,PL,"Wniosek o wydanie zezwolenia na niszczenie, usuwanie lub uszkadzanie mrowisk, umyślne przemieszczanie z miejsc regularnego przebywania na inne miejsca (mrówka rudnica) - działka nr [Regionalna Dyrekcja Ochrony Środowiska w Katowicach]",https://wykaz.ekoportal.pl/CardList.seam,infrastructure,,,0,,,2026-09-07 19:49:25
225,https://wykaz.ekoportal.pl/dokument/465260336,pl_ekoportal,PL,"Decyzja zezwalająca Operatorowi Gazociągów Przesyłowych Gaz-System S.A., ul. Mszczonowska 4, 02-337 Warszawa
na niszczenie, usuwanie lub uszkadzanie gniazd, mrowisk, nor, legowisk [Regionalna Dyrekcja Ochrony Środowiska w Katowicach]",https://wykaz.ekoportal.pl/CardList.seam,"infrastructure,permit",,,0,,,2026-09-07 19:49:25
226,https://wykaz.ekoportal.pl/dokument/465315507,pl_ekoportal,PL,"Wniosek o wydanie zezwolenia na niszczenie, usuwanie, uszkadzanie mrowisk, umyślne przemieszczanie z miejsc regularnego przebywania (mrówka rudnica) - budowa gazociągu - odgałęzien [Regionalna Dyrekcja Ochrony Środowiska w Katowicach]",https://wykaz.ekoportal.pl/CardList.seam,infrastructure,,,0,,,2026-09-07 19:49:25
227,https://wykaz.ekoportal.pl/dokument/465315508,pl_ekoportal,PL,"Decyzja umarzająca postępowanie w sprawie wydania Gaz-System S.A., ul. Mszczonowska 4, 02-337 Warszawa zezwolenia na niszczenie, usuwanie lub uszkadzanie mrowisk oraz umyślne przem [Regionalna Dyrekcja Ochrony Środowiska w Katowicach]",https://wykaz.ekoportal.pl/CardList.seam,"infrastructure,permit",,,0,,,2026-09-07 19:49:25
228,https://wykaz.ekoportal.pl/dokument/465413906,pl_ekoportal,PL,"Wniosek o pozwolenie na budowę dla: Budowa budynku silników gazowych nr 1, budynku silników gazowych nr 2, budynku warsztatowo- magazynowego, dwóch kominów budynku silników nr 1 z  [Urząd Miasta Krakowa]",https://wykaz.ekoportal.pl/CardList.seam,permit,,,0,,,2026-09-07 19:49:25
229,https://wykaz.ekoportal.pl/dokument/465417777,pl_ekoportal,PL,"Decyzja o pozwoleniu na budowę dla: Budowa budynku silników gazowych nr 1, budynku silników gazowych nr 2, budynku warsztatowo- magazynowego, dwóch kominów budynku silników nr 1 z  [Urząd Miasta Krakowa]",https://wykaz.ekoportal.pl/CardList.seam,permit,,,0,,,2026-09-07 19:49:25
230,https://wykaz.ekoportal.pl/dokument/465429682,pl_ekoportal,PL,"Wniosek o wydanie decyzji o środowiskowych uwarunkowaniach dla przedsięwzięcia dla przedsięwzięcia pn. ""Budowa układu wyprowadzania mocy z bloku gazowo-parowego w Rybniku"". [Regionalna Dyrekcja Ochrony Środowiska w Katowicach]",https://wykaz.ekoportal.pl/CardList.seam,,,,0,,,2026-09-07 19:49:25
231,https://wykaz.ekoportal.pl/dokument/465429683,pl_ekoportal,PL,"Decyzja o środowiskowych uwarunkowaniach dla przed. pn.  ""Budowa układu wyprowadzania mocy z bloku gazowo-parowego w Rybniku”. [Regionalna Dyrekcja Ochrony Środowiska w Katowicach]",https://wykaz.ekoportal.pl/CardList.seam,permit,,,0,,,2026-09-07 19:49:25
232,https://wykaz.ekoportal.pl/dokument/465550221,pl_ekoportal,PL,wniosek o wydanie decyzji o środowiskowych uwarunkowaniach dla przedsięwzięcia: Budowa silników gazowych o łącznej mocy w paliwie do 85MW w PGE Energia Ciepła S.A. Oddział Wybrzeże [Urząd Miejski w Gdańsku],https://wykaz.ekoportal.pl/CardList.seam,,85,<=100 MW,0,,,2026-09-07 19:49:25
233,https://wykaz.ekoportal.pl/dokument/465623368,pl_ekoportal,PL,Zgłoszenie instalacji energetycznego spalania paliw - moduł kogeneracyjny do spalania biogazu na terenie Biogazowni w m. Zakrzów [Starostwo Powiatowe w Krapkowicach],https://wykaz.ekoportal.pl/CardList.seam,,,,0,,,2026-09-07 19:49:25
31,https://www.lansstyrelsen.se/download/18.1b1d393819324610c3749493/1732517284205/S%C3%A4kerheten%20i%20Stockholms%20l%C3%A4ns%20fj%C3%A4rrv%C3%A4rmen%C3%A4t.pdf,se_lansstyrelsen,SE,Säkerheten i Stockholms läns fjärrvärmenät.pdf,https://www.lansstyrelsen.se/stockholm/sokresultat.html?query=gasturbin,safety,,,0,data/SE/se_lansstyrelsen/0001_S_C3_A4kerheten_20i_20Stockholms_20l_C3_A4ns_20fj_C3_A4rrv_C3_A4rmen_C3_A4t.pdf,2516784,2026-09-07 19:47:28
32,https://www.lansstyrelsen.se/download/18.1b1d393819324610c37494bd/1732517304589/Sj%C3%B6fartens%20utsl%C3%A4pp%20till%20luft%20i%20Stockholms%20och%20Uppsala%20l%C3%A4n%20%C3%A5r%202000.pdf,se_lansstyrelsen,SE,Sjöfartens utsläpp till luft i Stockholms och Uppsala län år 2000.pdf,https://www.lansstyrelsen.se/stockholm/sokresultat.html?query=gasturbin,,,,0,data/SE/se_lansstyrelsen/0002_Sj_C3_B6fartens_20utsl_C3_A4pp_20till_20luft_20i_20Stockholms_20och_20Uppsala_20l_C3_A4n_20_C3_A5r_202000.pdf,546206,2026-09-07 19:47:30
33,https://www.lansstyrelsen.se/download/18.1b1d393819324610c37484fe/1732515608438/Elf%C3%B6rs%C3%B6rjningen%20i%20Stockholms%20l%C3%A4n%20-%20En%20l%C3%A4gesbild%20av%20kapaciteten%20f%C3%B6r%20samh%C3%A4llets%20elektrifiering.pdf,se_lansstyrelsen,SE,Elförsörjningen i Stockholms län - En lägesbild av kapaciteten för samhällets elektrifiering.pdf,https://www.lansstyrelsen.se/stockholm/sokresultat.html?query=gasturbin,"safety,infrastructure","400,200,800,600,200,200,200,200,800,600,100,900,500,500,850,400,200,0.1",>200 MW,0,data/SE/se_lansstyrelsen/0003_i_20Stockholms_20l_C3_A4n_20-_20En_20l_C3_A4gesbild_20av_20kapaciteten_20f_C3_B6r_20samh_C3_A4llets_20elektrifiering.pdf,6446945,2026-09-07 19:47:41
34,https://www.lansstyrelsen.se/download/18.1b1d393819324610c3748707/1732515855950/Kartl%C3%A4ggning%20och%20analys%20av%20elf%C3%B6rs%C3%B6rjningssituationen%20i%20Stockholms%20l%C3%A4n%20-%20Redovisning%20av%20regeringsuppdraget%20Trygg%20elf%C3%B6rs%C3%B6rjning.pdf,se_lansstyrelsen,SE,Kartläggning och analys av elförsörjningssituationen i Stockholms län - Redovisning av regeringsuppdraget Trygg elförsörjning.pdf,https://www.lansstyrelsen.se/stockholm/sokresultat.html?query=gasturbin,"description,infrastructure","1,1000,320,1525,320,640,130,923,0,30,620,600,800,61,0.5,698,83,74,450,276,881",>200 MW,0,data/SE/se_lansstyrelsen/0004_ituationen_20i_20Stockholms_20l_C3_A4n_20-_20Redovisning_20av_20regeringsuppdraget_20Trygg_20elf_C3_B6rs_C3_B6rjning.pdf,4094335,2026-09-07 19:47:52
35,https://www.lansstyrelsen.se/download/18.1dfb518d19e6355dd7e5c4/1779790215815/Handlingsplan%20f%C3%B6r%20elektrifiering%20Stockholms%20l%C3%A4n%20-%20R2026-12.pdf,se_lansstyrelsen,SE,Handlingsplan för elektrifiering Stockholms län - R2026-12.pdf,https://www.lansstyrelsen.se/stockholm/sokresultat.html?query=gasturbin,"safety,permit","670,60.9,670",>200 MW,0,data/SE/se_lansstyrelsen/0005_Handlingsplan_20f_C3_B6r_20elektrifiering_20Stockholms_20l_C3_A4n_20-_20R2026-12.pdf,1040555,2026-09-07 19:47:56
36,https://www.lansstyrelsen.se/download/18.48816e0618c3e1356594445/1701954747903/handlingsplan-for-tillsyn-av-fororenade-omraden-2024-2026.pdf,se_lansstyrelsen,SE,handlingsplan-for-tillsyn-av-fororenade-omraden-2024-2026.pdf,https://www.lansstyrelsen.se/stockholm/sokresultat.html?query=gasturbin,"description,permit",,,0,data/SE/se_lansstyrelsen/0006_handlingsplan-for-tillsyn-av-fororenade-omraden-2024-2026.pdf,3857306,2026-09-07 19:48:01
37,"https://www.lansstyrelsen.se/download/18.1b1d393819324610c3749441/1732517243259/F%C3%B6rorenade%20omr%C3%A5den%20-%20inventering%20av%20gasverk,%20flygplatser,%20bilfragmentering,%20glasindustri%20och%20ackumulatorindustri%20i%20Stockholms%20l%C3%A4n.pdf",se_lansstyrelsen,SE,"Förorenade områden - inventering av gasverk, flygplatser, bilfragmentering, glasindustri och ackumulatorindustri i Stockholms län.pdf",https://www.lansstyrelsen.se/stockholm/sokresultat.html?query=gasturbin,"description,safety",,,0,data/SE/se_lansstyrelsen/0007_av_20gasverk_20flygplatser_20bilfragmentering_20glasindustri_20och_20ackumulatorindustri_20i_20Stockholms_20l_C3_A4n.pdf,1752478,2026-09-07 19:48:04
38,https://www.lansstyrelsen.se/download/18.1b1d393819324610c3748ed9/1732516686868/Risk-%20och%20s%C3%A5rbarhetsanalys%202011%20-%20%20klarar%20Stockholms%20l%C3%A4n%20krisen%3F.pdf,se_lansstyrelsen,SE,Risk- och sårbarhetsanalys 2011 -  klarar Stockholms län krisen?.pdf,https://www.lansstyrelsen.se/stockholm/sokresultat.html?query=gasturbin,"description,permit",,,0,data/SE/se_lansstyrelsen/0008_Risk-_20och_20s_C3_A5rbarhetsanalys_202011_20-_20_20klarar_20Stockholms_20l_C3_A4n_20krisen_3F.pdf,1408453,2026-09-07 19:48:07
